-- GENERATED BY MOCKAROO (https://mockaroo.com/)

-- USER GROUP DATA SAMPLE


-- USER DATA SAMPLE
-- Default password for john.doe@gmail.com is: asd@123456
INSERT INTO USERS("ID","CREATED_BY","CREATED_ON","EDITED_BY","EDITED_ON","VERSION","IS_ACTIVE","EMAIL","FAMILY","GENDER","MOBILE","NAME","PASSWORD","VERIFIED_EMAIL","VERIFIED_MOBILE", "IS_DELETED", "CODE_INTRODUCING") VALUES
	(10001, 'john.doe@gmail.com','2018-01-01', 'john.doe@gmail.com','2018-01-01', 0, 1,'john.doe@gmail.com','Doe','MALE','+9876543210','John','$2a$10$Zj38WYKI.gGbhQWuATpY2.nI8CowD/ujyC7c2MozoyMBGNi8z6bui',1,1, 0, 'AAAA'),
	(10002, 'jane.doe@gmail.com','2018-01-01', 'jane.doe@gmail.com','2018-01-01', 0, 1,'jane.doe@gmail.com','Doe','FEMALE','+9876543211','Jane','$2a$10$Zj38WYKI.gGbhQWuATpY2.nI8CowD/ujyC7c2MozoyMBGNi8z6bui',1,1, 0, 'BBBB'),

	(20001, 'cpenhaleurack0@hexun.com', '2022-06-04', 'cpenhaleurack0@amazon.com', '2022-01-28', 4, 1, 'cpenhaleurack0@purevolume.com', 'Penhaleurack', 'Male', '+62 851 713 8342', 'Claus', '$2a$10$Zj38WYKI.gGbhQWuATpY2.nI8CowD/ujyC7c2MozoyMBGNi8z6bui', 0, 0, 0, 'FZBA'),
	(20002, 'oyukhnev1@reddit.com', '2023-01-06', 'oyukhnev1@1688.com', '2022-04-11', 1, 1, 'oyukhnev1@soup.io', 'Yukhnev', 'Female', '+86 177 466 9357', 'Odilia', '$2a$10$Zj38WYKI.gGbhQWuATpY2.nI8CowD/ujyC7c2MozoyMBGNi8z6bui', 1, 1, 1, 'GBYD'),
	(20003, 'gbiggadyke2@europa.eu', '2022-06-03', 'gbiggadyke2@skyrock.com', '2022-06-13', 2, 1, 'gbiggadyke2@wsj.com', 'Biggadyke', 'Male', '+46 789 886 5131', 'Georgie', '$2a$10$Zj38WYKI.gGbhQWuATpY2.nI8CowD/ujyC7c2MozoyMBGNi8z6bui', 0, 0, 1, 'FOOS'),
	(20004, 'gbalmer3@ucsd.edu', '2022-10-05', 'gbalmer3@sciencedaily.com', '2022-12-03', 1, 0, 'gbalmer3@cdbaby.com', 'Balmer', 'Male', '+504 634 640 7372', 'Gasparo', '$2a$10$Zj38WYKI.gGbhQWuATpY2.nI8CowD/ujyC7c2MozoyMBGNi8z6bui', 1, 0, 1, 'EGPW'),
	(20005, 'ocrewe4@clickbank.net', '2022-06-17', 'ocrewe4@twitpic.com', '2022-03-31', 1, 0, 'ocrewe4@businesswire.com', 'Crewe', 'Male', '+48 317 775 5169', 'Olivier', '$2a$10$Zj38WYKI.gGbhQWuATpY2.nI8CowD/ujyC7c2MozoyMBGNi8z6bui', 1, 1, 1, '6CA3'),
	(20006, 'hexley5@cocolog-nifty.com', '2022-04-18', 'hexley5@i2i.jp', '2022-02-11', 2, 0, 'hexley5@fda.gov', 'Exley', 'Male', '+7 534 477 7775', 'Haleigh', '$2a$10$Zj38WYKI.gGbhQWuATpY2.nI8CowD/ujyC7c2MozoyMBGNi8z6bui', 1, 1, 1, 'SWBC'),
	(20007, 'djolliffe6@ucoz.ru', '2022-09-09', 'djolliffe6@amazon.de', '2022-07-12', 5, 1, 'djolliffe6@unicef.org', 'Jolliffe', 'Female', '+33 577 633 8739', 'Davina', '$2a$10$Zj38WYKI.gGbhQWuATpY2.nI8CowD/ujyC7c2MozoyMBGNi8z6bui', 0, 1, 0, 'KMKY'),
	(20008, 'dmcilvaney7@w3.org', '2022-01-30', 'dmcilvaney7@europa.eu', '2022-10-04', 4, 0, 'dmcilvaney7@census.gov', 'McIlvaney', 'Female', '+86 490 758 9392', 'Devon', '$2a$10$Zj38WYKI.gGbhQWuATpY2.nI8CowD/ujyC7c2MozoyMBGNi8z6bui', 0, 0, 0, 'LNLZ'),
	(20009, 'jvandecappelle8@google.ru', '2022-06-26', 'jvandecappelle8@instagram.com', '2022-01-17', 5, 1, 'jvandecappelle8@lulu.com', 'Van De Cappelle', 'Female', '+86 455 648 7622', 'Josephine', '$2a$10$Zj38WYKI.gGbhQWuATpY2.nI8CowD/ujyC7c2MozoyMBGNi8z6bui', 1, 1, 1, 'MRBC'),
	(20010, 'rwade9@jiathis.com', '2022-12-28', 'rwade9@shinystat.com', '2023-01-01', 2, 0, 'rwade9@blinklist.com', 'Wade', 'Female', '+58 142 384 3770', 'Roseann', '$2a$10$Zj38WYKI.gGbhQWuATpY2.nI8CowD/ujyC7c2MozoyMBGNi8z6bui', 0, 0, 1, 'KDNS');

-- USER GROUP SAMPLE
INSERT INTO USER_GROUP("ID","CREATED_BY","CREATED_ON","EDITED_BY","EDITED_ON","VERSION","IS_ACTIVE", name) VALUES
	(10001, 'john.doe@gmail.com','2018-01-01', 'john.doe@gmail.com','2018-01-01',1,1,'ROLE_ADMIN'),
	(10002, 'john.doe@gmail.com','2018-01-01', 'john.doe@gmail.com','2018-01-01',1,1,'ROLE_USER');

-- USER TO USER GROUP SAMPLE
INSERT INTO JOIN_USERS_GROUPS(USER_ID, GROUP_ID) VALUES
	(10001, 10001),
	(10001, 10002),
	(10002, 10002),
	
	(20001, 10002),
	(20002, 10002),
	(20003, 10002),
	(20004, 10002),
	(20005, 10002),
	(20006, 10002),
	(20007, 10002),
	(20008, 10002),
	(20009, 10002),
	(20010, 10002);

--
-- -- CATEGORIES DATA SAMPLE
--

insert into PRODUCT_CATEGORY (ID, NAME, DESCRIPTION, IS_ACTIVE, PARENT_ID, CREATED_BY, CREATED_ON, EDITED_BY, EDITED_ON, VERSION) values
	(10001, 'Gigazoom', 'Unsp mtrcy rider inj in clsn w statnry object in traf, subs', false, null, 'cphilott0', '2018-03-13', 'ebaptista0', '2018-03-21', 3),
	(10002, 'Bubblebox', 'Nondisp transcondy fx r humerus, subs for fx w malunion', false, 10001, 'fcostain1', '2018-02-24', 'aunwin1', '2017-11-30', 2),
	(10003, 'Kare', 'Lymp-rich Hodgkin lymphoma, extranodal and solid organ sites', true, null, 'mmeuse2', '2018-02-23', 'ebembrigg2', '2018-07-01', 1),
	(10004, 'Quamba', 'Diagnostic and monitoring neurological devices assoc w incdt', true, null, 'ncarnell3', '2018-07-13', 'edemeza3', '2018-02-13', 2),
	(10005, 'Dabtype', 'Poisoning by oth nonsteroidal anti-inflam drugs, accidental', false, null, 'jbrideaux4', '2018-05-14', 'bguillain4', '2018-01-25', 2),
	(10006, 'Centizu', 'Encounter for surgical aftcr following surgery on the GU sys', true, 10001, 'vminchinton5', '2018-02-01', 'wdudson5', '2018-06-23', 3),
	(10007, 'Eazzy', 'Unsp open wound of right thumb w damage to nail, subs encntr', true, null, 'sking6', '2018-07-22', 'idearl6', '2018-02-21', 3),
	(10008, 'Tazzy', 'Dermatopolymyositis, unsp, organ involvement unspecified', true, null, 'utuddall7', '2018-01-06', 'gburleigh7', '2018-01-02', 3),
	(10009, 'Youspan', 'Disp fx of nk of 5th MC bone, l hand, subs for fx w nonunion', true, 10005, 'nellicock8', '2017-11-22', 'mgillard8', '2017-08-25', 1),
	(10010, 'Buzzdog', 'Oth specific arthropathies, not elsewhere classified, wrist', false, null, 'hhaw9', '2017-08-27', 'mfortye9', '2018-06-09', 1),
	(10011, 'Oyondu', 'Contus/lac cereb, w LOC of unsp duration, sequela', true, 10010, 'cstrittona', '2018-04-21', 'schamana', '2017-09-03', 2),
	(10012, 'Blognation', 'Lacerat musc/tend ant grp at low leg level, left leg, subs', true, null, 'gbreartyb', '2018-05-17', 'dhampshawb', '2017-09-24', 3),
	(10013, 'Twimm', 'Displ transverse fx shaft of humer, l arm, 7thG', true, null, 'rjutsonc', '2018-04-21', 'pmacknielyc', '2017-11-01', 2),
	(10014, 'Browsedrive', 'Burn of first degree of right wrist, sequela', true, null, 'cbankd', '2018-08-21', 'cabbied', '2017-12-02', 2),
	(10015, 'Twitterlist', 'Unsp fracture of third lumbar vertebra, init for clos fx', true, null, 'jcastanagae', '2018-01-16', 'mmarinere', '2017-09-20', 1),
	(10016, 'Meedoo', 'Adverse effect of other antiprotozoal drugs, init encntr', true, null, 'mrivelesf', '2018-02-27', 'fdodsonf', '2018-06-29', 2),
	(10017, 'Twitterbridge', 'Injury of blood vessels at shoulder and upper arm level', true, 10013, 'lministerg', '2018-03-18', 'acuddihyg', '2017-12-24', 1),
	(10018, 'Yabox', 'Contusion of right ring finger with damage to nail, sequela', true, 10013, 'lskarrh', '2017-10-11', 'kdavidovskyh', '2017-11-10', 2),
	(10019, 'Babblestorm', 'Other contact with nonvenomous snake, initial encounter', true, null, 'kmyriei', '2018-06-19', 'igerbeli', '2018-07-28', 1),
	(10020, 'Vidoo', 'Complete transverse atypical femoral fracture, right leg', true, null, 'cdinneenj', '2018-01-13', 'jmetzkej', '2018-08-01', 3),
	(10021, 'Devify', 'Displ oth fx tuberosity of unsp calcaneus, init for opn fx', false, null, 'tmugfordk', '2018-08-04', 'ssabatierk', '2017-10-06', 2),
	(10022, 'Jetpulse', 'Open bite, unspecified elbow, initial encounter', false, null, 'rsuarezl', '2018-02-20', 'rvidlerl', '2018-07-15', 3),
	(10023, 'Linktype', 'Fracture of coccyx, subs for fx w delay heal', false, null, 'elefriecm', '2018-04-26', 'abassilashvilim', '2018-07-21', 3),
	(10024, 'Zooxo', 'Dislocation of distal interphalangeal joint of unsp thumb', true, 10001, 'vpratin', '2018-04-18', 'lmaggioren', '2017-08-25', 2),
	(10025, 'Realblab', 'Chronic serous otitis media, left ear', false, null, 'cbiero', '2017-11-01', 'lpepallo', '2018-03-24', 1);

--
-- -- COUPON DATA SAMPLE
--

insert into COUPON (ID, CODE, PERCENT, CEILING, START_DATE, END_DATE, IS_ACTIVE, CREATED_BY, CREATED_ON, EDITED_BY, EDITED_ON, VERSION) values
	(10001, '0KNFXZZ', 88, 23997, '2018-03-14', '2018-07-27', true, 'emunroe0', '2017-11-18', 'dmerali0', '2017-11-24', 2),
	(10002, '02HL3MZ', 6, 12355, '2018-08-04', '2018-03-10', true, 'nrosel1', '2018-01-20', 'kbeatens1', '2018-07-30', 2),
	(10003, '0YH801Z', 60, 40542, '2018-07-13', '2017-11-24', true, 'akingh2', '2018-06-13', 'hturpie2', '2018-05-04', 3),
	(10004, '0WWFX1Z', 15, 42470, '2018-06-04', '2018-08-01', false, 'ebere3', '2018-06-17', 'dlippiett3', '2018-01-18', 3),
	(10005, 'F06Z8SZ', 70, 43043, '2018-03-08', '2017-11-05', true, 'bschrieves4', '2018-01-12', 'kghelardi4', '2017-11-19', 3),
	(10006, '10J03ZZ', 5, 22224, '2018-03-17', '2018-02-24', false, 'aschenfisch5', '2018-08-01', 'ataft5', '2018-01-29', 1),
	(10007, '0VCQ0ZZ', 9, 26364, '2018-05-20', '2017-09-28', false, 'aswanston6', '2017-09-27', 'ccrossthwaite6', '2018-08-15', 3),
	(10008, '0B547ZZ', 12, 48179, '2017-11-02', '2017-11-30', false, 'gpitchford7', '2017-09-09', 'aquainton7', '2018-05-06', 2),
	(10009, 'F0716DZ', 52, 42277, '2018-06-13', '2018-05-24', true, 'tcaslett8', '2018-01-18', 'nfredy8', '2018-01-20', 2),
	(10010, 'F0134ZZ', 10, 21846, '2018-02-05', '2018-01-09', true, 'echawkley9', '2017-12-08', 'rbannard9', '2018-01-09', 3),
	(10011, '03HY03Z', 59, 15870, '2017-09-02', '2018-07-11', true, 'gallingtona', '2018-04-27', 'mhazeldena', '2018-01-03', 2),
	(10012, '0477346', 33, 46108, '2018-01-30', '2018-01-03', true, 'etroughtonb', '2018-07-17', 'wchatainierb', '2017-09-09', 1),
	(10013, '0RPA0AZ', 87, 35805, '2018-07-13', '2018-05-27', false, 'shastwellc', '2018-07-25', 'elivesleyc', '2018-07-12', 1),
	(10014, '0CU30JZ', 13, 49448, '2017-09-26', '2018-02-19', true, 'tswaddled', '2018-04-12', 'jbriand', '2017-10-18', 2),
	(10015, '041E4J9', 37, 36555, '2018-08-11', '2018-04-14', false, 'mdundone', '2018-07-04', 'gworlinge', '2017-10-05', 1),
	(10016, '06583ZZ', 16, 6212, '2018-04-18', '2018-02-11', true, 'tteenanf', '2017-09-09', 'ebowdlerf', '2018-01-29', 3),
	(10017, '0RWP0JZ', 1, 43120, '2018-06-16', '2018-01-04', false, 'mwestwoodg', '2018-07-05', 'ayakobowitchg', '2017-08-31', 3),
	(10018, '0QHB0CZ', 36, 18575, '2017-08-30', '2018-07-14', true, 'lduggeth', '2018-05-22', 'helphh', '2017-10-03', 2),
	(10019, '0V9630Z', 64, 13817, '2017-08-28', '2018-01-30', true, 'hlestori', '2018-07-17', 'fcathcarti', '2018-03-25', 2),
	(10020, '041009Q', 32, 37170, '2018-08-08', '2018-07-27', false, 'ghealesj', '2017-11-30', 'gcoleyshawj', '2017-12-30', 3),
	(10021, '047N376', 10, 47628, '2018-03-17', '2018-07-11', false, 'jkopfenk', '2017-11-28', 'abreensk', '2017-12-23', 2),
	(10022, '0HNU7ZZ', 4, 33346, '2017-09-14', '2018-07-25', true, 'jdorberl', '2018-05-06', 'mbenyonl', '2018-08-04', 1),
	(10023, '0TCB8ZZ', 57, 10847, '2018-03-11', '2017-11-14', true, 'kwalshem', '2018-03-30', 'dmaginotm', '2018-02-07', 2),
	(10024, '0LBB4ZX', 37, 44148, '2018-03-21', '2017-10-21', false, 'rgrinawayn', '2018-02-14', 'bshielsn', '2018-05-27', 2),
	(10025, 'B00', 1, 6941, '2018-02-20', '2018-03-16', false, 'jeyrlo', '2017-09-12', 'kdolphino', '2018-02-04', 3),
	(10026, '0K5L4ZZ', 18, 19262, '2017-11-08', '2018-03-25', false, 'edaguannop', '2018-06-17', 'lkleisp', '2017-11-28', 2),
	(10027, '0BHK83Z', 100, 31004, '2018-01-20', '2018-03-05', false, 'cdecourcyq', '2018-07-06', 'cpaxfordeq', '2018-02-21', 3),
	(10028, '0Q9K4ZX', 80, 18089, '2018-08-23', '2018-08-14', false, 'rtolchardr', '2018-06-23', 'gcarloner', '2018-03-18', 2),
	(10029, '0J8V3ZZ', 43, 43646, '2018-03-05', '2018-01-08', true, 'rmosebys', '2018-01-19', 'rjakobssens', '2017-10-05', 1),
	(10030, '0D737DZ', 21, 21802, '2018-04-02', '2018-05-12', false, 'fscaifet', '2018-02-05', 'bscownt', '2018-08-21', 3);

--
-- -- PRODUCT DATA SAMPLE
--

insert into PRODUCT_SHOP_ITEM (ID, CODE, NAME, DESCRIPTION, PRICE, POINT, REQUIREMENT_POINTS, IS_ACTIVE, CREATED_BY, CREATED_ON, EDITED_BY, EDITED_ON, VERSION) values 
	(10001, '67544-161', 'Atenolol', 'Complete traumatic amputation at level between left shoulder and elbow, initial encounter', 13176, 4, null, false, 'lbonass0', '2018-05-17', 'scolthard0', '2018-01-09', 2),
	(10002, '10370-219', 'Potassium Chloride', 'Continuing pregnancy after elective fetal reduction of one fetus or more, first trimester, other fetus', 52187, 5, null, true, 'wbeardwood1', '2018-05-17', 'tsissot1', '2018-08-09', 2),
	(10003, '0186-0916', 'PULMICORT', 'Laceration of other muscles, fascia and tendons at forearm level, left arm, subsequent encounter', 95878, 1, null, false, 'lplenderleith2', '2017-09-10', 'jpottery2', '2018-02-24', 1),
	(10004, '55910-763', 'dg health cold and flu relief', 'Leakage of breast prosthesis and implant', 26125, 3, null, false, 'rbrimble3', '2018-08-16', 'lairs3', '2017-08-30', 1),
	(10005, '55910-165', 'Rexall All Day Pain Relief', 'Corrosion of unspecified degree of unspecified hand, unspecified site', 63236, 1, null, true, 'jbrimman4', '2017-12-30', 'rgeorges4', '2018-08-12', 1),
	(10006, '0944-4212', 'TISSEEL', 'Traumatic rupture of volar plate of left middle finger at metacarpophalangeal and interphalangeal joint, subsequent encounter', 50280, 1, null, false, 'davis5', '2018-08-04', 'rhubball5', '2018-05-25', 2),
	(10007, '57237-017', 'Duloxetine', 'External constriction, unspecified hip', 13634, 1, null, true, 'mmarzele6', '2017-12-21', 'crickarsey6', '2018-06-29', 1),
	(10008, '50790-200', 'Bortons Menticol', 'Elevated blood glucose level', 64399, 0, 30, true, 'mfeild7', '2018-04-19', 'fwilmott7', '2017-12-06', 3),
	(10009, '63739-689', 'Gabapentin', 'Sprain of metatarsophalangeal joint of left great toe, subsequent encounter', 61849, 5, null, true, 'rgarden8', '2017-12-06', 'asebright8', '2017-11-27', 2),
	(10010, '36987-1424', 'Cabbage', 'Abscess of breast associated with pregnancy, second trimester', 14286, 2, null, true, 'tfiorentino9', '2018-01-27', 'cwise9', '2018-02-09', 1),
	(10011, '49288-0281', 'Western (Sierra) Juniper', 'Burn of first degree of trunk, unspecified site, initial encounter', 44468, 2, null, true, 'jmacgilrewya', '2018-03-11', 'egarawaya', '2018-03-27', 1),
	(10012, '63667-955', 'THE ORIGINAL NATURAL HERB COUGH DROPS', 'Nondisplaced fracture of proximal phalanx of right thumb, subsequent encounter for fracture with malunion', 69943, 2, null, false, 'azupab', '2018-04-11', 'clomasnyb', '2017-09-27', 3),
	(10013, '0942-6445', 'ADSOL Red Cell', 'Passenger of military vehicle injured in nontraffic accident, sequela', 50748, 4, null, true, 'mslucockc', '2017-10-28', 'hkindellc', '2018-01-24', 2),
	(10014, '0603-1585', 'Promethazine with Codeine', 'Other specified disorders of conjunctiva', 86764, 5, null, true, 'mkarlemand', '2017-12-04', 'pmussottid', '2017-10-28', 3),
	(10015, '43269-880', 'Mischievous Orange', 'Stress fracture, left humerus, subsequent encounter for fracture with delayed healing', 78624, 1, 41, false, 'ralbrechte', '2018-05-17', 'mraouxe', '2017-12-05', 1),
	(10016, '42291-622', 'Montelukast Sodium', 'Lead-induced chronic gout', 43132, 2, null, true, 'cbunnyf', '2017-12-26', 'blangstonef', '2018-03-16', 3),
	(10017, '43063-238', 'LAMOTRIGINE', 'Folate deficiency anemia', 97696, 5, null, false, 'dlandmang', '2017-09-14', 'bcashfordg', '2018-04-03', 3),
	(10018, '55154-1486', 'Gabapentin', 'Partial traumatic metacarpophalangeal amputation of other finger, subsequent encounter', 54182, 5, null, false, 'ceidlerh', '2018-08-06', 'bfisbyh', '2018-01-12', 1),
	(10019, '23635-416', 'EXALGO', 'Strain of unspecified muscle and tendon at ankle and foot level, left foot, sequela', 95547, 1, null, false, 'kerswelli', '2018-02-24', 'ryoudi', '2018-03-29', 1),
	(10020, '63323-285', 'Naropin', 'Displaced transverse fracture of shaft of right fibula, subsequent encounter for open fracture type I or II with routine healing', 36552, 5, null, true, 'cgiggsj', '2017-12-20', 'rwydj', '2018-07-16', 1),
	(10021, '25021-824', 'Topotecan Hydrochloride', 'Benign lipomatous neoplasm of spermatic cord', 43537, 0, null, true, 'rmeiklemk', '2018-07-10', 'iashforthk', '2017-10-19', 3),
	(10022, '52380-2801', 'Aplicare Povidone-Iodine', 'Hyperacusis, right ear', 29429, 2, null, false, 'cikinl', '2018-05-06', 'kmarmionl', '2017-12-15', 3),
	(10023, '0378-6046', 'Risperidone', 'Traumatic rupture of unspecified ligament of right index finger at metacarpophalangeal and interphalangeal joint, subsequent encounter', 14015, 2, 27, false, 'ktithecotem', '2018-03-11', 'aradeliffem', '2018-06-08', 3),
	(10024, '21695-397', 'sotalol hydrochloride', 'Acute gastric ulcer with both hemorrhage and perforation', 98816, 5, null, false, 'mborhamn', '2018-03-27', 'gcranstonn', '2018-04-15', 2),
	(10025, '76014-002', 'Bloxiverz', 'Primary blast injury of unspecified part of small intestine', 98552, 4, null, true, 'rattargeo', '2017-11-30', 'sdelguao', '2018-05-17', 2),
	(10026, '42254-305', 'DONEPEZIL HYDROCHLORIDE', 'Obturator subluxation of unspecified hip, initial encounter', 31977, 3, null, true, 'inuschep', '2018-03-25', 'rwingeatp', '2017-12-18', 1),
	(10027, '51141-0237', 'ATOPALM Diaper Rash', 'Salter-Harris Type I physeal fracture of upper end of unspecified fibula', 16090, 0, null, false, 'tgaskinq', '2018-07-24', 'dcreginq', '2018-07-31', 1),
	(10028, '57896-491', 'Geri mucil', 'Glaucomatous optic atrophy, left eye', 27117, 4, null, true, 'elowingr', '2018-01-19', 'dquaifer', '2018-08-06', 3),
	(10029, '0268-1254', 'ACER SACCHARUM POLLEN', 'Driver of bus injured in collision with heavy transport vehicle or bus in nontraffic accident, subsequent encounter', 35210, 1, null, false, 'dcornwalls', '2017-10-29', 'kgatisss', '2017-09-23', 2),
	(10030, '57520-0459', 'Albuminuriaforce', 'Traumatic rupture of other ligament of left index finger at metacarpophalangeal and interphalangeal joint, subsequent encounter', 82138, 0, null, true, 'mfairclought', '2018-04-28', 'cfearet', '2018-06-18', 1),
	(10031, '49348-128', 'sunmark acid reducer', 'Unspecified fracture of shaft of right fibula, initial encounter for closed fracture', 41339, 1, null, true, 'gmullesu', '2017-09-11', 'nbaldacchiu', '2017-11-19', 2),
	(10032, '65162-003', 'Cetirizine Hydrochloride', 'Complete traumatic amputation of left foot at ankle level, subsequent encounter', 93204, 0, null, false, 'bberwickv', '2017-11-20', 'schasmarv', '2017-10-01', 1),
	(10033, '0113-0259', 'good sense aspirin', 'Nondisplaced fracture of proximal phalanx of other finger, subsequent encounter for fracture with malunion', 54730, 3, null, false, 'kvigrassw', '2018-03-08', 'aredittw', '2018-02-18', 1),
	(10034, '0363-9113', 'Walgreens Capsaicin Hot', 'Spotted fever due to Rickettsia conorii', 57250, 4, null, true, 'mmirrallsx', '2018-06-19', 'jmatchellx', '2017-12-21', 3),
	(10035, '49738-958', 'Smart Sense Cough DM', 'Malignant neoplasm of overlapping sites of tongue', 37546, 1, 46, false, 'swallacey', '2017-08-27', 'awellesleyy', '2018-03-16', 2),
	(10036, '0527-1315', 'Rifampin', 'Other peripheral vertigo, bilateral', 59293, 3, 27, false, 'cvickarsz', '2017-09-25', 'capplewhaitez', '2018-07-30', 2),
	(10037, '56104-024', 'Salicylic acid', 'Walked into wall, sequela', 95295, 3, null, false, 'cagneau10', '2018-01-08', 'fastlatt10', '2017-09-13', 2),
	(10038, '62296-0024', 'Anti-Bacterial Gentle Foaming', 'Salter-Harris Type IV physeal fracture of unspecified calcaneus, subsequent encounter for fracture with routine healing', 46039, 4, 43, true, 'rcranstoun11', '2018-05-26', 'jszubert11', '2018-05-08', 2),
	(10039, '62670-4824', 'Anti-Bacterial Hand', 'Poisoning by other antiepileptic and sedative-hypnotic drugs, intentional self-harm, subsequent encounter', 30532, 5, null, false, 'tbuxy12', '2017-11-19', 'pbraidwood12', '2017-10-22', 1),
	(10040, '68828-175', 'BeCause Antibacterial Hand', 'Military operations', 93076, 5, null, false, 'mpietrowicz13', '2018-01-29', 'tharback13', '2017-08-25', 3),
	(10041, '21695-779', 'Welchol', 'Dislocation of other parts of lumbar spine and pelvis, subsequent encounter', 10132, 5, null, false, 'sfullegar14', '2018-06-20', 'ndehoogh14', '2018-05-05', 3),
	(10042, '51655-630', 'Triamterene and Hydrochlorothiazide', 'Legal intervention involving baton, law enforcement official injured, sequela', 98368, 2, null, true, 'rtrebble15', '2018-05-23', 'gcolman15', '2018-03-21', 2),
	(10043, '0404-6918', 'Acclean Plus', 'Other methemoglobinemias', 63300, 4, null, false, 'mvarne16', '2017-09-06', 'crolse16', '2017-12-24', 2),
	(10044, '30142-359', 'Tussin', 'Nondisplaced fracture of shaft of fourth metacarpal bone, right hand, sequela', 75342, 3, null, false, 'vbutchart17', '2018-01-30', 'ndecourt17', '2017-10-06', 3),
	(10045, '67226-2820', 'Corrector Light', 'Other parapsoriasis', 83984, 0, null, false, 'santosch18', '2018-06-02', 'wpettisall18', '2017-12-19', 3),
	(10046, '21130-946', 'aspirin free', 'Legal intervention involving injury by machine gun, suspect injured, subsequent encounter', 95845, 4, null, false, 'hwincom19', '2017-10-28', 'jmccomiskie19', '2017-09-12', 3),
	(10047, '10370-117', 'Zolpidem Tartrate', 'Dissection of vertebral artery', 98320, 4, null, false, 'mcircuit1a', '2017-11-03', 'phaddinton1a', '2017-09-03', 2),
	(10048, '54569-5964', 'Hydrocodone Bitartrate and Acetaminophen', 'Fall on board sailboat, subsequent encounter', 80000, 4, null, false, 'dtiernan1b', '2018-07-05', 'dbutchers1b', '2018-03-25', 2),
	(10049, '63739-541', 'Furosemide', 'Malnutrition in pregnancy, second trimester', 70437, 5, null, true, 'jmatzel1c', '2018-08-24', 'sbraunthal1c', '2017-12-09', 2),
	(10050, '41163-373', 'Headache Formula PM', 'Other cystostomy status', 13326, 5, null, true, 'bfurlow1d', '2017-11-22', 'jcochran1d', '2017-09-28', 1);

--
-- -- DISCOUNTS DATA SAMPLE
--

insert into DISCOUNT (ID, USR_ID, PERCENT, CEILING, IS_ACTIVE, CREATED_BY, CREATED_ON, EDITED_BY, EDITED_ON, VERSION) values
	(10001, 10001, 14, 24231, true, 'bpikhno0', '2017-12-11', 'lcarlet0', '2018-06-17', 1),
	(10002, 10001, 8, 22755, false, 'abantick1', '2018-07-14', 'bcheverton1', '2018-08-20', 1),
	(10003, 10001, 22, 24065, false, 'dkleinlerer2', '2018-03-29', 'lcuddehay2', '2018-06-08', 3),
	(10004, 10001, 8, 13769, true, 'mjakubowicz3', '2017-12-09', 'afeedome3', '2017-11-18', 2),
	(10005, 10001, 24, 9674, true, 'fgrassi4', '2018-07-08', 'sledgister4', '2018-03-19', 3),
	(10006, 10001, 4, 13828, true, 'tmacginney5', '2017-09-26', 'nmaccrea5', '2017-10-13', 2),
	(10007, 10001, 9, 12893, false, 'ctreharne6', '2018-05-16', 'deynon6', '2017-10-23', 2),
	(10008, 10001, 20, 14007, false, 'clegges7', '2018-06-12', 'goda7', '2018-02-12', 2),
	(10009, 10001, 3, 12061, true, 'ddillestone8', '2018-06-21', 'ralekseicik8', '2018-07-31', 3),
	(10010, 10001, 18, 24632, false, 'kclowsley9', '2018-08-25', 'avardey9', '2018-07-10', 3),
	(10011, 10001, 22, 9531, true, 'achichgara', '2018-08-22', 'mkippina', '2017-10-05', 3),
	(10012, 10001, 8, 13140, false, 'britzmanb', '2018-08-08', 'nyakebowitchb', '2018-02-11', 1),
	(10013, 10001, 24, 8681, false, 'ainkpinc', '2018-02-09', 'ehaddletonc', '2017-09-18', 3),
	(10014, 10002, 9, 11295, false, 'fluned', '2017-11-17', 'acelizd', '2017-09-14', 1),
	(10015, 10002, 9, 14197, false, 'battleee', '2018-03-03', 'hchasmere', '2017-10-03', 1),
	(10016, 10002, 17, 6467, false, 'jchittendenf', '2018-07-31', 'ebrysonf', '2018-04-06', 1),
	(10017, 10002, 12, 15695, false, 'jstrelitzkig', '2018-08-13', 'mrundallg', '2017-12-18', 1),
	(10018, 10002, 3, 12383, false, 'gsawyerh', '2018-05-04', 'rfolanh', '2018-07-27', 1),
	(10019, 10002, 2, 10527, false, 'rhessei', '2018-08-06', 'gcawderyi', '2017-12-30', 1),
	(10020, 10002, 12, 17490, false, 'nbremmellj', '2018-01-18', 'mrackamj', '2018-08-07', 1),
	(10021, 10002, 21, 24905, true, 'mcorzonk', '2017-09-18', 'cgaythwaitek', '2018-02-04', 1),
	(10022, 10002, 24, 12336, false, 'mmonnoyerl', '2017-11-22', 'irebichonl', '2018-06-11', 2),
	(10023, 10002, 18, 7785, false, 'mbrognotm', '2018-03-22', 'jbennellm', '2018-08-01', 2),
	(10024, 10002, 5, 8762, false, 'aglendzan', '2018-04-12', 'jcrossleyn', '2018-06-06', 1),
	(10025, 10002, 1, 23280, true, 'ecleynaerto', '2018-03-19', 'aalfusoo', '2018-07-30', 3);

--
-- INSERT INTO DISCOUNT (ID, CREATED_BY, CREATED_ON, EDITED_BY, EDITED_ON, VERSION, IS_ACTIVE, CEILING, PERCENT, PRODUCT_ID, USR_ID)
-- VALUES
-- (10001, 'admin', '2018-01-01', 'admin', '2018-01-01', 1, 1, 5000.0, 5.0, 10001, 10001);

--
-- -- USER ADDRESS SAMPLE DATA
--

insert into USER_ADDRESS (ID, DELIVERY_NAME, COUNTRY, STATE, CITY, ADDRESS, ZIP_CODE, PHONE, LATITUDE, LONGITUDE, USER_ID, IS_ACTIVE, CREATED_BY, CREATED_ON, EDITED_BY, EDITED_ON, VERSION) values (10001, 'Dallis Loyd', 'United States', 'Texas', 'Waco', '9146 Thompson Terrace', '76705', '2542618532', '31.6403', '-97.0963', 10001, true, 'dloyd0', '2017-10-15', 'dloyd0', '2018-07-28', 3);
insert into USER_ADDRESS (ID, DELIVERY_NAME, COUNTRY, STATE, CITY, ADDRESS, ZIP_CODE, PHONE, LATITUDE, LONGITUDE, USER_ID, IS_ACTIVE, CREATED_BY, CREATED_ON, EDITED_BY, EDITED_ON, VERSION) values (10002, 'Temp Trinbey', 'United States', 'Colorado', 'Denver', '98 Jenna Plaza', '80228', '7207379030', '39.6888', '-105.156', 10002, false, 'ttrinbey1', '2018-06-19', 'ttrinbey1', '2017-09-06', 1);
insert into USER_ADDRESS (ID, DELIVERY_NAME, COUNTRY, STATE, CITY, ADDRESS, ZIP_CODE, PHONE, LATITUDE, LONGITUDE, USER_ID, IS_ACTIVE, CREATED_BY, CREATED_ON, EDITED_BY, EDITED_ON, VERSION) values (10003, 'Elmore McLachlan', 'United States', 'Illinois', 'Springfield', '5809 Artisan Pass', '62794', '2172654391', '39.7495', '-89.606', 20001, true, 'emclachlan2', '2017-10-24', 'emclachlan2', '2018-04-23', 1);
insert into USER_ADDRESS (ID, DELIVERY_NAME, COUNTRY, STATE, CITY, ADDRESS, ZIP_CODE, PHONE, LATITUDE, LONGITUDE, USER_ID, IS_ACTIVE, CREATED_BY, CREATED_ON, EDITED_BY, EDITED_ON, VERSION) values (10004, 'Wanids Pennrington', 'United States', 'Florida', 'Tallahassee', '352 Melvin Terrace', '32314', '8502603785', '30.4793', '-84.3462', 20002, false, 'wpennrington3', '2018-02-25', 'wpennrington3', '2017-11-01', 1);
insert into USER_ADDRESS (ID, DELIVERY_NAME, COUNTRY, STATE, CITY, ADDRESS, ZIP_CODE, PHONE, LATITUDE, LONGITUDE, USER_ID, IS_ACTIVE, CREATED_BY, CREATED_ON, EDITED_BY, EDITED_ON, VERSION) values (10005, 'Jordan Pestor', 'United States', 'Pennsylvania', 'Erie', '764 Anderson Lane', '16565', '8142853874', '42.1827', '-80.0649', 20003, true, 'jpestor4', '2017-10-17', 'jpestor4', '2018-04-14', 2);
insert into USER_ADDRESS (ID, DELIVERY_NAME, COUNTRY, STATE, CITY, ADDRESS, ZIP_CODE, PHONE, LATITUDE, LONGITUDE, USER_ID, IS_ACTIVE, CREATED_BY, CREATED_ON, EDITED_BY, EDITED_ON, VERSION) values (10006, 'Wallie Kitchenside', 'United States', 'Illinois', 'Rockford', '403 Jay Center', '61105', '8156342500', '42.3254', '-89.1705', 20003, true, 'wkitchenside5', '2018-08-05', 'wkitchenside5', '2018-04-13', 2);
insert into USER_ADDRESS (ID, DELIVERY_NAME, COUNTRY, STATE, CITY, ADDRESS, ZIP_CODE, PHONE, LATITUDE, LONGITUDE, USER_ID, IS_ACTIVE, CREATED_BY, CREATED_ON, EDITED_BY, EDITED_ON, VERSION) values (10007, 'Xena Haddon', 'United States', 'Iowa', 'Davenport', '9 Gerald Court', '52804', '5633321740', '41.5386', '-90.6115', 20004, true, 'xhaddon6', '2018-03-29', 'xhaddon6', '2018-03-11', 2);
insert into USER_ADDRESS (ID, DELIVERY_NAME, COUNTRY, STATE, CITY, ADDRESS, ZIP_CODE, PHONE, LATITUDE, LONGITUDE, USER_ID, IS_ACTIVE, CREATED_BY, CREATED_ON, EDITED_BY, EDITED_ON, VERSION) values (10008, 'Kayle Golborne', 'United States', 'North Carolina', 'Charlotte', '3256 Village Green Drive', '28220', '7041524020', '35.26', '-80.8042', 20005, true, 'kgolborne7', '2018-07-21', 'kgolborne7', '2018-03-02', 1);
insert into USER_ADDRESS (ID, DELIVERY_NAME, COUNTRY, STATE, CITY, ADDRESS, ZIP_CODE, PHONE, LATITUDE, LONGITUDE, USER_ID, IS_ACTIVE, CREATED_BY, CREATED_ON, EDITED_BY, EDITED_ON, VERSION) values (10009, 'Elly Muckersie', 'United States', 'Maryland', 'Baltimore', '7 Charing Cross Street', '21290', '4109048613', '39.2933', '-76.6238', 20006, true, 'emuckersie8', '2017-10-26', 'emuckersie8', '2017-11-12', 1);
insert into USER_ADDRESS (ID, DELIVERY_NAME, COUNTRY, STATE, CITY, ADDRESS, ZIP_CODE, PHONE, LATITUDE, LONGITUDE, USER_ID, IS_ACTIVE, CREATED_BY, CREATED_ON, EDITED_BY, EDITED_ON, VERSION) values (10010, 'Maddy Korlat', 'United States', 'Louisiana', 'New Orleans', '0 Weeping Birch Alley', '70124', '5042157324', '30.0071', '-90.1094', 20007, false, 'mkorlat9', '2018-03-24', 'mkorlat9', '2017-10-22', 1);
insert into USER_ADDRESS (ID, DELIVERY_NAME, COUNTRY, STATE, CITY, ADDRESS, ZIP_CODE, PHONE, LATITUDE, LONGITUDE, USER_ID, IS_ACTIVE, CREATED_BY, CREATED_ON, EDITED_BY, EDITED_ON, VERSION) values (10011, 'Yvette Nehl', 'United States', 'North Carolina', 'Raleigh', '174 Center Way', '27621', '9192513377', '35.7977', '-78.6253', 20008, true, 'ynehla', '2018-05-29', 'ynehla', '2018-07-03', 2);
insert into USER_ADDRESS (ID, DELIVERY_NAME, COUNTRY, STATE, CITY, ADDRESS, ZIP_CODE, PHONE, LATITUDE, LONGITUDE, USER_ID, IS_ACTIVE, CREATED_BY, CREATED_ON, EDITED_BY, EDITED_ON, VERSION) values (10012, 'Jerald Dring', 'United States', 'Texas', 'Mesquite', '03 Helena Alley', '75185', '2148271517', '32.7403', '-96.5618', 20009, true, 'jdringb', '2018-02-04', 'jdringb', '2017-10-31', 3);
insert into USER_ADDRESS (ID, DELIVERY_NAME, COUNTRY, STATE, CITY, ADDRESS, ZIP_CODE, PHONE, LATITUDE, LONGITUDE, USER_ID, IS_ACTIVE, CREATED_BY, CREATED_ON, EDITED_BY, EDITED_ON, VERSION) values (10013, 'Maurizia Pilkinton', 'United States', 'Maryland', 'Laurel', '03248 Hanover Court', '20709', '2029359199', '38.8336', '-76.8777', 20010, false, 'mpilkintonc', '2017-09-09', 'mpilkintonc', '2017-12-21', 2);
insert into USER_ADDRESS (ID, DELIVERY_NAME, COUNTRY, STATE, CITY, ADDRESS, ZIP_CODE, PHONE, LATITUDE, LONGITUDE, USER_ID, IS_ACTIVE, CREATED_BY, CREATED_ON, EDITED_BY, EDITED_ON, VERSION) values (10014, 'Dan Bauduccio', 'United States', 'Tennessee', 'Chattanooga', '60638 Green Crossing', '37450', '4237533730', '35.2211', '-85.2091', 20001, false, 'dbauducciod', '2018-03-24', 'dbauducciod', '2018-02-28', 3);
insert into USER_ADDRESS (ID, DELIVERY_NAME, COUNTRY, STATE, CITY, ADDRESS, ZIP_CODE, PHONE, LATITUDE, LONGITUDE, USER_ID, IS_ACTIVE, CREATED_BY, CREATED_ON, EDITED_BY, EDITED_ON, VERSION) values (10015, 'Margalo Torbet', 'United States', 'Iowa', 'Des Moines', '7903 Jana Junction', '50310', '5158180408', '41.6255', '-93.6736', 20001, true, 'mtorbete', '2017-10-01', 'mtorbete', '2018-06-17', 2);
insert into USER_ADDRESS (ID, DELIVERY_NAME, COUNTRY, STATE, CITY, ADDRESS, ZIP_CODE, PHONE, LATITUDE, LONGITUDE, USER_ID, IS_ACTIVE, CREATED_BY, CREATED_ON, EDITED_BY, EDITED_ON, VERSION) values (10016, 'Romona Hanaford', 'United States', 'Louisiana', 'Baton Rouge', '4674 Moulton Terrace', '70810', '2259829301', '30.3633', '-91.0919', 20005, false, 'rhanafordf', '2018-03-01', 'rhanafordf', '2017-12-05', 2);
insert into USER_ADDRESS (ID, DELIVERY_NAME, COUNTRY, STATE, CITY, ADDRESS, ZIP_CODE, PHONE, LATITUDE, LONGITUDE, USER_ID, IS_ACTIVE, CREATED_BY, CREATED_ON, EDITED_BY, EDITED_ON, VERSION) values (10017, 'Feliks Paske', 'United States', 'New York', 'New York City', '4889 Lawn Parkway', '10131', '2124725256', '40.7808', '-73.9772', 20006, true, 'fpaskeg', '2018-05-18', 'fpaskeg', '2018-04-06', 3);
insert into USER_ADDRESS (ID, DELIVERY_NAME, COUNTRY, STATE, CITY, ADDRESS, ZIP_CODE, PHONE, LATITUDE, LONGITUDE, USER_ID, IS_ACTIVE, CREATED_BY, CREATED_ON, EDITED_BY, EDITED_ON, VERSION) values (10018, 'Rowen Lomath', 'United States', 'Georgia', 'Atlanta', '86 Ohio Crossing', '31119', '7704769725', '33.8913', '-84.0746', 20007, true, 'rlomathh', '2018-01-24', 'rlomathh', '2018-08-06', 2);
insert into USER_ADDRESS (ID, DELIVERY_NAME, COUNTRY, STATE, CITY, ADDRESS, ZIP_CODE, PHONE, LATITUDE, LONGITUDE, USER_ID, IS_ACTIVE, CREATED_BY, CREATED_ON, EDITED_BY, EDITED_ON, VERSION) values (10019, 'Berrie Sandys', 'United States', 'Texas', 'Houston', '98 Messerschmidt Point', '77228', '7138827246', '29.834', '-95.4342', 20008, true, 'bsandysi', '2018-06-03', 'bsandysi', '2018-07-22', 1);
insert into USER_ADDRESS (ID, DELIVERY_NAME, COUNTRY, STATE, CITY, ADDRESS, ZIP_CODE, PHONE, LATITUDE, LONGITUDE, USER_ID, IS_ACTIVE, CREATED_BY, CREATED_ON, EDITED_BY, EDITED_ON, VERSION) values (10020, 'Dulciana Santhouse', 'United States', 'California', 'San Francisco', '999 Grim Place', '94159', '4151092579', '37.7848', '-122.7278', 20009, false, 'dsanthousej', '2018-03-30', 'dsanthousej', '2018-06-24', 2);

--
-- -- PRODUCT COMMENTS SAMPLE DATA
--
-- insert into PRODUCT_COMMENT (ID, RATE, COMMENT, PRODUCT_ID, USER_ID, IS_ACTIVE, CREATED_BY, CREATED_ON, EDITED_BY, EDITED_ON, VERSION) values (1, 6, 'Restriction of Jejunum with Intraluminal Device, Open Approach', 45, 28, false, 'frelton0', '2018-07-13', 'rdominka0', '2018-07-12', 2);
-- insert into PRODUCT_COMMENT (ID, RATE, COMMENT, PRODUCT_ID, USER_ID, IS_ACTIVE, CREATED_BY, CREATED_ON, EDITED_BY, EDITED_ON, VERSION) values (2, 7, 'Supplement Celiac Artery with Synthetic Substitute, Percutaneous Endoscopic Approach', 35, 46, true, 'mbirtonshaw1', '2018-03-21', 'sellor1', '2018-01-08', 3);
-- insert into PRODUCT_COMMENT (ID, RATE, COMMENT, PRODUCT_ID, USER_ID, IS_ACTIVE, CREATED_BY, CREATED_ON, EDITED_BY, EDITED_ON, VERSION) values (3, 5, 'Inspection of Ureter, Percutaneous Endoscopic Approach', 8, 96, false, 'cbittleson2', '2018-04-26', 'cospellissey2', '2018-05-18', 3);
-- insert into PRODUCT_COMMENT (ID, RATE, COMMENT, PRODUCT_ID, USER_ID, IS_ACTIVE, CREATED_BY, CREATED_ON, EDITED_BY, EDITED_ON, VERSION) values (4, 10, 'Monitoring of Products of Conception, Nervous Electrical Activity, Via Natural or Artificial Opening Endoscopic', 5, 4, false, 'mvassel3', '2018-05-26', 'ghankard3', '2017-10-07', 3);
-- insert into PRODUCT_COMMENT (ID, RATE, COMMENT, PRODUCT_ID, USER_ID, IS_ACTIVE, CREATED_BY, CREATED_ON, EDITED_BY, EDITED_ON, VERSION) values (5, 9, 'Supplement Left Ring Finger with Synthetic Substitute, Percutaneous Endoscopic Approach', 25, 33, true, 'jpudner4', '2018-05-12', 'mkohtler4', '2018-05-30', 2);
-- insert into PRODUCT_COMMENT (ID, RATE, COMMENT, PRODUCT_ID, USER_ID, IS_ACTIVE, CREATED_BY, CREATED_ON, EDITED_BY, EDITED_ON, VERSION) values (6, 8, 'Drainage of Left Shoulder Bursa and Ligament, Percutaneous Approach, Diagnostic', 8, 47, false, 'obussetti5', '2018-01-15', 'eoxborrow5', '2018-05-03', 3);
-- insert into PRODUCT_COMMENT (ID, RATE, COMMENT, PRODUCT_ID, USER_ID, IS_ACTIVE, CREATED_BY, CREATED_ON, EDITED_BY, EDITED_ON, VERSION) values (7, 5, 'Revision of Drainage Device in Upper Bursa and Ligament, Percutaneous Endoscopic Approach', 9, 41, false, 'pfranceschielli6', '2017-10-09', 'raddicote6', '2017-12-15', 1);
-- insert into PRODUCT_COMMENT (ID, RATE, COMMENT, PRODUCT_ID, USER_ID, IS_ACTIVE, CREATED_BY, CREATED_ON, EDITED_BY, EDITED_ON, VERSION) values (8, 5, 'Replacement of Left Sternoclavicular Joint with Nonautologous Tissue Substitute, Open Approach', 30, 24, true, 'fstroban7', '2018-07-07', 'gsmithyman7', '2018-04-13', 3);
-- insert into PRODUCT_COMMENT (ID, RATE, COMMENT, PRODUCT_ID, USER_ID, IS_ACTIVE, CREATED_BY, CREATED_ON, EDITED_BY, EDITED_ON, VERSION) values (9, 5, 'Plain Radiography of Kidneys, Ureters and Bladder using Low Osmolar Contrast', 6, 65, true, 'uhunnawill8', '2018-06-13', 'nbwye8', '2018-08-21', 3);
-- insert into PRODUCT_COMMENT (ID, RATE, COMMENT, PRODUCT_ID, USER_ID, IS_ACTIVE, CREATED_BY, CREATED_ON, EDITED_BY, EDITED_ON, VERSION) values (10, 5, 'Low Dose Rate (LDR) Brachytherapy of Bladder using Palladium 103 (Pd-103)', 17, 31, true, 'cbaumadier9', '2018-02-15', 'lwroe9', '2018-05-14', 1);
-- insert into PRODUCT_COMMENT (ID, RATE, COMMENT, PRODUCT_ID, USER_ID, IS_ACTIVE, CREATED_BY, CREATED_ON, EDITED_BY, EDITED_ON, VERSION) values (11, 2, 'Insertion of Radioactive Element into Mediastinum, Percutaneous Endoscopic Approach', 1, 19, true, 'mbittlestonea', '2018-02-10', 'nclaira', '2018-04-18', 1);
-- insert into PRODUCT_COMMENT (ID, RATE, COMMENT, PRODUCT_ID, USER_ID, IS_ACTIVE, CREATED_BY, CREATED_ON, EDITED_BY, EDITED_ON, VERSION) values (12, 4, 'Replacement of Left External Jugular Vein with Nonautologous Tissue Substitute, Open Approach', 18, 18, true, 'mdurtnellb', '2018-03-11', 'jtilliardsb', '2017-12-11', 1);
-- insert into PRODUCT_COMMENT (ID, RATE, COMMENT, PRODUCT_ID, USER_ID, IS_ACTIVE, CREATED_BY, CREATED_ON, EDITED_BY, EDITED_ON, VERSION) values (13, 4, 'Beam Radiation of Spleen using Heavy Particles (Protons,Ions)', 22, 10, false, 'lforringtonc', '2018-05-10', 'tmathiesonc', '2017-10-27', 1);
-- insert into PRODUCT_COMMENT (ID, RATE, COMMENT, PRODUCT_ID, USER_ID, IS_ACTIVE, CREATED_BY, CREATED_ON, EDITED_BY, EDITED_ON, VERSION) values (14, 5, 'Excision of Acoustic Nerve, Percutaneous Endoscopic Approach', 34, 5, true, 'mfishpoold', '2017-12-29', 'fmedcraftd', '2018-04-22', 1);
-- insert into PRODUCT_COMMENT (ID, RATE, COMMENT, PRODUCT_ID, USER_ID, IS_ACTIVE, CREATED_BY, CREATED_ON, EDITED_BY, EDITED_ON, VERSION) values (15, 7, 'Extraction of Left Lesser Saphenous Vein, Percutaneous Endoscopic Approach', 48, 7, false, 'pkynforthe', '2017-10-08', 'jsexceye', '2018-01-28', 2);
-- insert into PRODUCT_COMMENT (ID, RATE, COMMENT, PRODUCT_ID, USER_ID, IS_ACTIVE, CREATED_BY, CREATED_ON, EDITED_BY, EDITED_ON, VERSION) values (16, 1, 'Dilation of Right Hand Artery with Three Intraluminal Devices, Percutaneous Approach', 38, 80, false, 'jbuxseyf', '2018-07-19', 'kgippsf', '2017-10-13', 2);
-- insert into PRODUCT_COMMENT (ID, RATE, COMMENT, PRODUCT_ID, USER_ID, IS_ACTIVE, CREATED_BY, CREATED_ON, EDITED_BY, EDITED_ON, VERSION) values (17, 10, 'Dilation of Left Brachial Artery, Bifurcation, with Four or More Intraluminal Devices, Percutaneous Approach', 27, 79, true, 'dkenworthyg', '2018-07-03', 'gmiddupg', '2018-06-07', 2);
-- insert into PRODUCT_COMMENT (ID, RATE, COMMENT, PRODUCT_ID, USER_ID, IS_ACTIVE, CREATED_BY, CREATED_ON, EDITED_BY, EDITED_ON, VERSION) values (18, 1, 'Bypass Abdominal Aorta to Right External Iliac Artery with Nonautologous Tissue Substitute, Percutaneous Endoscopic Approach', 31, 45, true, 'lbengoecheah', '2018-04-11', 'bbodmanh', '2017-12-27', 1);
-- insert into PRODUCT_COMMENT (ID, RATE, COMMENT, PRODUCT_ID, USER_ID, IS_ACTIVE, CREATED_BY, CREATED_ON, EDITED_BY, EDITED_ON, VERSION) values (19, 7, 'Drainage of Left External Carotid Artery, Open Approach, Diagnostic', 32, 14, false, 'klauritzeni', '2017-12-02', 'fjiraceki', '2018-07-06', 2);
-- insert into PRODUCT_COMMENT (ID, RATE, COMMENT, PRODUCT_ID, USER_ID, IS_ACTIVE, CREATED_BY, CREATED_ON, EDITED_BY, EDITED_ON, VERSION) values (20, 6, 'Supplement Left Retinal Vessel with Synthetic Substitute, Open Approach', 16, 88, true, 'rghionij', '2017-09-01', 'rpokerj', '2018-08-07', 1);
-- insert into PRODUCT_COMMENT (ID, RATE, COMMENT, PRODUCT_ID, USER_ID, IS_ACTIVE, CREATED_BY, CREATED_ON, EDITED_BY, EDITED_ON, VERSION) values (21, 2, 'Bypass Left External Iliac Artery to Left External Iliac Artery with Autologous Venous Tissue, Percutaneous Endoscopic Approach', 17, 53, true, 'cmacclintonk', '2018-08-23', 'mchinneryk', '2017-10-31', 2);
-- insert into PRODUCT_COMMENT (ID, RATE, COMMENT, PRODUCT_ID, USER_ID, IS_ACTIVE, CREATED_BY, CREATED_ON, EDITED_BY, EDITED_ON, VERSION) values (22, 2, 'Insertion of Cardiac Resynchronization Pacemaker Pulse Generator into Abdomen Subcutaneous Tissue and Fascia, Open Approach', 42, 87, false, 'cinchanl', '2017-11-13', 'rwattingl', '2018-03-23', 3);
-- insert into PRODUCT_COMMENT (ID, RATE, COMMENT, PRODUCT_ID, USER_ID, IS_ACTIVE, CREATED_BY, CREATED_ON, EDITED_BY, EDITED_ON, VERSION) values (23, 6, 'Release Left Pleura, Percutaneous Endoscopic Approach', 28, 72, true, 'coughtonm', '2018-01-25', 'kdemarcom', '2018-02-05', 3);
-- insert into PRODUCT_COMMENT (ID, RATE, COMMENT, PRODUCT_ID, USER_ID, IS_ACTIVE, CREATED_BY, CREATED_ON, EDITED_BY, EDITED_ON, VERSION) values (24, 3, 'Removal of Extraluminal Device from Trachea, Open Approach', 39, 99, true, 'zspedronin', '2017-10-26', 'nhightownn', '2017-12-23', 3);
-- insert into PRODUCT_COMMENT (ID, RATE, COMMENT, PRODUCT_ID, USER_ID, IS_ACTIVE, CREATED_BY, CREATED_ON, EDITED_BY, EDITED_ON, VERSION) values (25, 6, 'Repair Left Basilic Vein, Percutaneous Endoscopic Approach', 4, 63, true, 'sellertono', '2018-08-14', 'klyalo', '2017-08-30', 2);
-- insert into PRODUCT_COMMENT (ID, RATE, COMMENT, PRODUCT_ID, USER_ID, IS_ACTIVE, CREATED_BY, CREATED_ON, EDITED_BY, EDITED_ON, VERSION) values (26, 1, 'Revision of Nonautologous Tissue Substitute in Left Tarsal, Open Approach', 16, 4, false, 'kreadshallp', '2018-07-08', 'ahearmonp', '2018-07-30', 1);
-- insert into PRODUCT_COMMENT (ID, RATE, COMMENT, PRODUCT_ID, USER_ID, IS_ACTIVE, CREATED_BY, CREATED_ON, EDITED_BY, EDITED_ON, VERSION) values (27, 8, 'Insertion of Neurostimulator Lead into Spinal Canal, Percutaneous Endoscopic Approach', 46, 73, false, 'odomineyq', '2017-10-15', 'mflasbyq', '2018-04-17', 1);
-- insert into PRODUCT_COMMENT (ID, RATE, COMMENT, PRODUCT_ID, USER_ID, IS_ACTIVE, CREATED_BY, CREATED_ON, EDITED_BY, EDITED_ON, VERSION) values (28, 7, 'Repair Left Lower Arm and Wrist Tendon, Percutaneous Approach', 29, 93, true, 'fornelasr', '2018-02-17', 'dgammier', '2017-09-16', 2);
-- insert into PRODUCT_COMMENT (ID, RATE, COMMENT, PRODUCT_ID, USER_ID, IS_ACTIVE, CREATED_BY, CREATED_ON, EDITED_BY, EDITED_ON, VERSION) values (29, 5, 'Resection of Left Sphenoid Sinus, Percutaneous Endoscopic Approach', 14, 51, true, 'lpruces', '2018-04-11', 'etreadways', '2017-12-21', 2);
-- insert into PRODUCT_COMMENT (ID, RATE, COMMENT, PRODUCT_ID, USER_ID, IS_ACTIVE, CREATED_BY, CREATED_ON, EDITED_BY, EDITED_ON, VERSION) values (30, 3, 'Supplement Right Vertebral Vein with Nonautologous Tissue Substitute, Open Approach', 25, 27, false, 'cabramowt', '2017-11-05', 'lstevingst', '2018-05-07', 3);
-- insert into PRODUCT_COMMENT (ID, RATE, COMMENT, PRODUCT_ID, USER_ID, IS_ACTIVE, CREATED_BY, CREATED_ON, EDITED_BY, EDITED_ON, VERSION) values (31, 7, 'Bypass Upper Esophagus to Cutaneous with Nonautologous Tissue Substitute, Open Approach', 34, 11, false, 'mshielu', '2017-11-15', 'mbyrkmyru', '2018-08-07', 2);
-- insert into PRODUCT_COMMENT (ID, RATE, COMMENT, PRODUCT_ID, USER_ID, IS_ACTIVE, CREATED_BY, CREATED_ON, EDITED_BY, EDITED_ON, VERSION) values (32, 4, 'Drainage of Right Foot Subcutaneous Tissue and Fascia with Drainage Device, Open Approach', 2, 66, false, 'syendallv', '2018-03-03', 'sbakerv', '2017-10-19', 1);
-- insert into PRODUCT_COMMENT (ID, RATE, COMMENT, PRODUCT_ID, USER_ID, IS_ACTIVE, CREATED_BY, CREATED_ON, EDITED_BY, EDITED_ON, VERSION) values (33, 7, 'Osteopathic Treatment of Thoracic Region using Muscle Energy-Isotonic Forces', 37, 63, true, 'mnouchw', '2017-11-02', 'awrigglesworthw', '2017-11-23', 2);
-- insert into PRODUCT_COMMENT (ID, RATE, COMMENT, PRODUCT_ID, USER_ID, IS_ACTIVE, CREATED_BY, CREATED_ON, EDITED_BY, EDITED_ON, VERSION) values (34, 1, 'Replacement of Ventricular Septum with Zooplastic Tissue, Open Approach', 15, 9, true, 'ahaxbiex', '2018-04-07', 'cgeraultx', '2018-04-28', 2);
-- insert into PRODUCT_COMMENT (ID, RATE, COMMENT, PRODUCT_ID, USER_ID, IS_ACTIVE, CREATED_BY, CREATED_ON, EDITED_BY, EDITED_ON, VERSION) values (35, 3, 'Fluoroscopy of Superior Vena Cava using Other Contrast, Guidance', 9, 58, true, 'udunkleey', '2018-05-21', 'fgutowskay', '2017-10-16', 3);
-- insert into PRODUCT_COMMENT (ID, RATE, COMMENT, PRODUCT_ID, USER_ID, IS_ACTIVE, CREATED_BY, CREATED_ON, EDITED_BY, EDITED_ON, VERSION) values (36, 1, 'Dilation of Right Brachial Artery, Bifurcation, Open Approach', 40, 6, false, 'jyearnsz', '2018-02-06', 'nmorenaz', '2018-06-16', 3);
-- insert into PRODUCT_COMMENT (ID, RATE, COMMENT, PRODUCT_ID, USER_ID, IS_ACTIVE, CREATED_BY, CREATED_ON, EDITED_BY, EDITED_ON, VERSION) values (37, 3, 'Respiratory System, Extraction', 5, 96, false, 'tbuchanan10', '2018-02-14', 'hwelford10', '2018-03-07', 1);
-- insert into PRODUCT_COMMENT (ID, RATE, COMMENT, PRODUCT_ID, USER_ID, IS_ACTIVE, CREATED_BY, CREATED_ON, EDITED_BY, EDITED_ON, VERSION) values (38, 3, 'Excision of Cul-de-sac, Percutaneous Endoscopic Approach, Diagnostic', 22, 93, true, 'cpanks11', '2017-09-11', 'anairy11', '2018-08-03', 1);
-- insert into PRODUCT_COMMENT (ID, RATE, COMMENT, PRODUCT_ID, USER_ID, IS_ACTIVE, CREATED_BY, CREATED_ON, EDITED_BY, EDITED_ON, VERSION) values (39, 1, 'Reposition Lower Tooth, Single, Open Approach', 41, 1, false, 'gosheils12', '2018-05-26', 'eduling12', '2018-03-01', 2);
-- insert into PRODUCT_COMMENT (ID, RATE, COMMENT, PRODUCT_ID, USER_ID, IS_ACTIVE, CREATED_BY, CREATED_ON, EDITED_BY, EDITED_ON, VERSION) values (40, 6, 'Motor Function Treatment of Neurological System - Head and Neck', 5, 1, true, 'swoodruff13', '2018-01-05', 'rhuddle13', '2018-06-25', 1);
-- insert into PRODUCT_COMMENT (ID, RATE, COMMENT, PRODUCT_ID, USER_ID, IS_ACTIVE, CREATED_BY, CREATED_ON, EDITED_BY, EDITED_ON, VERSION) values (41, 8, 'Extirpation of Matter from Thoracic Vertebral Joint, Percutaneous Approach', 8, 78, true, 'jhillam14', '2018-02-20', 'dquinevan14', '2018-02-20', 2);
-- insert into PRODUCT_COMMENT (ID, RATE, COMMENT, PRODUCT_ID, USER_ID, IS_ACTIVE, CREATED_BY, CREATED_ON, EDITED_BY, EDITED_ON, VERSION) values (42, 2, 'Revision of Nonautologous Tissue Substitute in Right Sacroiliac Joint, External Approach', 25, 36, true, 'lpenticost15', '2018-01-11', 'edaubney15', '2018-06-21', 1);
-- insert into PRODUCT_COMMENT (ID, RATE, COMMENT, PRODUCT_ID, USER_ID, IS_ACTIVE, CREATED_BY, CREATED_ON, EDITED_BY, EDITED_ON, VERSION) values (43, 1, 'Reattachment of Left Neck Muscle, Open Approach', 9, 4, false, 'astreets16', '2018-02-07', 'sszach16', '2018-05-22', 3);
-- insert into PRODUCT_COMMENT (ID, RATE, COMMENT, PRODUCT_ID, USER_ID, IS_ACTIVE, CREATED_BY, CREATED_ON, EDITED_BY, EDITED_ON, VERSION) values (44, 5, 'Excision of Left Ankle Region, Open Approach', 48, 37, false, 'adeveral17', '2018-01-19', 'ebartalini17', '2017-10-04', 3);
-- insert into PRODUCT_COMMENT (ID, RATE, COMMENT, PRODUCT_ID, USER_ID, IS_ACTIVE, CREATED_BY, CREATED_ON, EDITED_BY, EDITED_ON, VERSION) values (45, 3, 'Bypass Left Atrium to Pulmonary Vein Confluence, Open Approach', 35, 79, true, 'lpepys18', '2018-01-24', 'gdruce18', '2018-06-28', 2);
-- insert into PRODUCT_COMMENT (ID, RATE, COMMENT, PRODUCT_ID, USER_ID, IS_ACTIVE, CREATED_BY, CREATED_ON, EDITED_BY, EDITED_ON, VERSION) values (46, 6, 'Drainage of Coccygeal Glomus with Drainage Device, Percutaneous Endoscopic Approach', 28, 29, false, 'rhadye19', '2018-03-11', 'dwildes19', '2017-09-27', 2);
-- insert into PRODUCT_COMMENT (ID, RATE, COMMENT, PRODUCT_ID, USER_ID, IS_ACTIVE, CREATED_BY, CREATED_ON, EDITED_BY, EDITED_ON, VERSION) values (47, 4, 'Destruction of Right Clavicle, Percutaneous Approach', 11, 3, false, 'aliccardi1a', '2018-01-13', 'adenecamp1a', '2017-10-08', 3);
-- insert into PRODUCT_COMMENT (ID, RATE, COMMENT, PRODUCT_ID, USER_ID, IS_ACTIVE, CREATED_BY, CREATED_ON, EDITED_BY, EDITED_ON, VERSION) values (48, 5, 'Low Dose Rate (LDR) Brachytherapy of Larynx using Cesium 137 (Cs-137)', 46, 69, true, 'seyckel1b', '2018-01-13', 'cchidwick1b', '2018-06-04', 1);
-- insert into PRODUCT_COMMENT (ID, RATE, COMMENT, PRODUCT_ID, USER_ID, IS_ACTIVE, CREATED_BY, CREATED_ON, EDITED_BY, EDITED_ON, VERSION) values (49, 2, 'Occlusion of Right Hepatic Duct with Intraluminal Device, Percutaneous Endoscopic Approach', 6, 17, false, 'bnoades1c', '2018-07-17', 'ddarth1c', '2017-10-09', 1);
-- insert into PRODUCT_COMMENT (ID, RATE, COMMENT, PRODUCT_ID, USER_ID, IS_ACTIVE, CREATED_BY, CREATED_ON, EDITED_BY, EDITED_ON, VERSION) values (50, 5, 'Drainage of Left Hip Tendon, Percutaneous Endoscopic Approach, Diagnostic', 16, 36, true, 'hziem1d', '2018-02-21', 'bforsey1d', '2017-09-29', 2);
-- insert into PRODUCT_COMMENT (ID, RATE, COMMENT, PRODUCT_ID, USER_ID, IS_ACTIVE, CREATED_BY, CREATED_ON, EDITED_BY, EDITED_ON, VERSION) values (51, 3, 'Introduction of Immunostimulator into Central Artery, Percutaneous', 44, 75, false, 'gcardinal1e', '2017-11-22', 'cpinkney1e', '2018-06-27', 1);
-- insert into PRODUCT_COMMENT (ID, RATE, COMMENT, PRODUCT_ID, USER_ID, IS_ACTIVE, CREATED_BY, CREATED_ON, EDITED_BY, EDITED_ON, VERSION) values (52, 8, 'Bypass Transverse Colon to Sigmoid Colon with Autologous Tissue Substitute, Via Natural or Artificial Opening Endoscopic', 17, 40, true, 'rheadington1f', '2018-07-22', 'rsprules1f', '2018-04-22', 2);
-- insert into PRODUCT_COMMENT (ID, RATE, COMMENT, PRODUCT_ID, USER_ID, IS_ACTIVE, CREATED_BY, CREATED_ON, EDITED_BY, EDITED_ON, VERSION) values (53, 3, 'Removal of Monitoring Device from Left Lung, External Approach', 8, 1, false, 'cwillshee1g', '2017-08-30', 'hchazette1g', '2018-08-23', 3);
-- insert into PRODUCT_COMMENT (ID, RATE, COMMENT, PRODUCT_ID, USER_ID, IS_ACTIVE, CREATED_BY, CREATED_ON, EDITED_BY, EDITED_ON, VERSION) values (54, 5, 'Bypass Right Axillary Artery to Lower Arm Vein with Synthetic Substitute, Open Approach', 34, 28, true, 'chyndman1h', '2018-01-27', 'aphilipp1h', '2017-12-24', 1);
-- insert into PRODUCT_COMMENT (ID, RATE, COMMENT, PRODUCT_ID, USER_ID, IS_ACTIVE, CREATED_BY, CREATED_ON, EDITED_BY, EDITED_ON, VERSION) values (55, 8, 'Destruction of Right Humeral Shaft, Percutaneous Endoscopic Approach', 47, 59, true, 'mmacaskie1i', '2018-03-29', 'cforsey1i', '2018-07-23', 1);
-- insert into PRODUCT_COMMENT (ID, RATE, COMMENT, PRODUCT_ID, USER_ID, IS_ACTIVE, CREATED_BY, CREATED_ON, EDITED_BY, EDITED_ON, VERSION) values (56, 6, 'Inspection of Left Sternoclavicular Joint, Open Approach', 38, 31, false, 'ahatwells1j', '2018-08-03', 'kkliesl1j', '2018-08-19', 3);
-- insert into PRODUCT_COMMENT (ID, RATE, COMMENT, PRODUCT_ID, USER_ID, IS_ACTIVE, CREATED_BY, CREATED_ON, EDITED_BY, EDITED_ON, VERSION) values (57, 6, 'Extirpation of Matter from Accessory Pancreatic Duct, Percutaneous Endoscopic Approach', 44, 40, true, 'dbannell1k', '2017-09-25', 'jgubbins1k', '2018-08-16', 2);
-- insert into PRODUCT_COMMENT (ID, RATE, COMMENT, PRODUCT_ID, USER_ID, IS_ACTIVE, CREATED_BY, CREATED_ON, EDITED_BY, EDITED_ON, VERSION) values (58, 6, 'Ultrasonography of Right Lower Extremity Veins, Intravascular', 36, 13, false, 'kmoar1l', '2017-10-12', 'pharper1l', '2018-04-24', 1);
-- insert into PRODUCT_COMMENT (ID, RATE, COMMENT, PRODUCT_ID, USER_ID, IS_ACTIVE, CREATED_BY, CREATED_ON, EDITED_BY, EDITED_ON, VERSION) values (59, 1, 'Drainage of Left Lesser Saphenous Vein, Percutaneous Approach', 18, 75, false, 'ssimkovitz1m', '2018-03-25', 'ebellham1m', '2018-05-26', 3);
-- insert into PRODUCT_COMMENT (ID, RATE, COMMENT, PRODUCT_ID, USER_ID, IS_ACTIVE, CREATED_BY, CREATED_ON, EDITED_BY, EDITED_ON, VERSION) values (60, 10, 'Extirpation of Matter from Right Tibia, Open Approach', 21, 34, true, 'bamner1n', '2017-11-18', 'jgarmey1n', '2017-08-29', 2);
-- insert into PRODUCT_COMMENT (ID, RATE, COMMENT, PRODUCT_ID, USER_ID, IS_ACTIVE, CREATED_BY, CREATED_ON, EDITED_BY, EDITED_ON, VERSION) values (61, 3, 'Supplement Vagus Nerve with Autologous Tissue Substitute, Percutaneous Endoscopic Approach', 1, 55, false, 'mduthie1o', '2018-03-29', 'browlands1o', '2018-05-05', 2);
-- insert into PRODUCT_COMMENT (ID, RATE, COMMENT, PRODUCT_ID, USER_ID, IS_ACTIVE, CREATED_BY, CREATED_ON, EDITED_BY, EDITED_ON, VERSION) values (62, 6, 'Bypass Left Vas Deferens to Left Vas Deferens with Autologous Tissue Substitute, Percutaneous Endoscopic Approach', 15, 95, false, 'tbrunsen1p', '2018-08-27', 'lpaolicchi1p', '2017-10-23', 2);
-- insert into PRODUCT_COMMENT (ID, RATE, COMMENT, PRODUCT_ID, USER_ID, IS_ACTIVE, CREATED_BY, CREATED_ON, EDITED_BY, EDITED_ON, VERSION) values (63, 6, 'Reposition Right Ankle Joint, External Approach', 25, 6, false, 'eveall1q', '2018-07-27', 'ljanc1q', '2018-06-10', 2);
-- insert into PRODUCT_COMMENT (ID, RATE, COMMENT, PRODUCT_ID, USER_ID, IS_ACTIVE, CREATED_BY, CREATED_ON, EDITED_BY, EDITED_ON, VERSION) values (64, 3, 'Revision of Infusion Device in Abdominal Wall, External Approach', 19, 82, false, 'rpanketh1r', '2017-11-21', 'ebakeup1r', '2017-10-02', 3);
-- insert into PRODUCT_COMMENT (ID, RATE, COMMENT, PRODUCT_ID, USER_ID, IS_ACTIVE, CREATED_BY, CREATED_ON, EDITED_BY, EDITED_ON, VERSION) values (65, 9, 'Binaural Hearing Aid Assessment using Audiometer', 27, 2, true, 'pdonati1s', '2018-06-04', 'sbooy1s', '2017-12-25', 1);
-- insert into PRODUCT_COMMENT (ID, RATE, COMMENT, PRODUCT_ID, USER_ID, IS_ACTIVE, CREATED_BY, CREATED_ON, EDITED_BY, EDITED_ON, VERSION) values (66, 6, 'Excision of Left Lower Eyelid, External Approach, Diagnostic', 46, 11, true, 'mrosenfrucht1t', '2017-11-14', 'dallsop1t', '2017-10-25', 2);
-- insert into PRODUCT_COMMENT (ID, RATE, COMMENT, PRODUCT_ID, USER_ID, IS_ACTIVE, CREATED_BY, CREATED_ON, EDITED_BY, EDITED_ON, VERSION) values (67, 10, 'Revision of Autologous Tissue Substitute in Left Upper Femur, Percutaneous Approach', 9, 37, true, 'cmariault1u', '2018-08-02', 'kfroschauer1u', '2018-06-20', 2);
-- insert into PRODUCT_COMMENT (ID, RATE, COMMENT, PRODUCT_ID, USER_ID, IS_ACTIVE, CREATED_BY, CREATED_ON, EDITED_BY, EDITED_ON, VERSION) values (68, 7, 'Drainage of Right Carpal Joint, Percutaneous Endoscopic Approach', 29, 98, true, 'tchristin1v', '2018-03-08', 'mbennallck1v', '2017-09-23', 3);
-- insert into PRODUCT_COMMENT (ID, RATE, COMMENT, PRODUCT_ID, USER_ID, IS_ACTIVE, CREATED_BY, CREATED_ON, EDITED_BY, EDITED_ON, VERSION) values (69, 8, 'Restriction of Right Lower Lobe Bronchus, Via Natural or Artificial Opening', 8, 84, false, 'aborges1w', '2018-02-16', 'lstollmeyer1w', '2018-04-05', 1);
-- insert into PRODUCT_COMMENT (ID, RATE, COMMENT, PRODUCT_ID, USER_ID, IS_ACTIVE, CREATED_BY, CREATED_ON, EDITED_BY, EDITED_ON, VERSION) values (70, 8, 'Dilation of Left Axillary Artery, Bifurcation, Percutaneous Approach', 25, 43, true, 'jtenant1x', '2018-06-03', 'weglin1x', '2018-06-05', 2);
-- insert into PRODUCT_COMMENT (ID, RATE, COMMENT, PRODUCT_ID, USER_ID, IS_ACTIVE, CREATED_BY, CREATED_ON, EDITED_BY, EDITED_ON, VERSION) values (71, 10, 'Supplement Right Knee Tendon with Autologous Tissue Substitute, Open Approach', 8, 51, true, 'loxton1y', '2018-02-25', 'dplumm1y', '2018-06-22', 1);
-- insert into PRODUCT_COMMENT (ID, RATE, COMMENT, PRODUCT_ID, USER_ID, IS_ACTIVE, CREATED_BY, CREATED_ON, EDITED_BY, EDITED_ON, VERSION) values (72, 8, 'Removal of Intraluminal Device from Lower Artery, Percutaneous Endoscopic Approach', 30, 89, false, 'mcrossgrove1z', '2018-04-26', 'ssussex1z', '2017-10-28', 3);
-- insert into PRODUCT_COMMENT (ID, RATE, COMMENT, PRODUCT_ID, USER_ID, IS_ACTIVE, CREATED_BY, CREATED_ON, EDITED_BY, EDITED_ON, VERSION) values (73, 4, 'Revision of Nonautologous Tissue Substitute in Nasal Bone, Open Approach', 48, 80, true, 'wshay20', '2018-05-29', 'lserot20', '2018-02-19', 1);
-- insert into PRODUCT_COMMENT (ID, RATE, COMMENT, PRODUCT_ID, USER_ID, IS_ACTIVE, CREATED_BY, CREATED_ON, EDITED_BY, EDITED_ON, VERSION) values (74, 8, 'Fluoroscopy of Bilateral Pulmonary Veins using High Osmolar Contrast, Guidance', 18, 88, false, 'svallentin21', '2018-04-20', 'bhearson21', '2018-01-26', 3);
-- insert into PRODUCT_COMMENT (ID, RATE, COMMENT, PRODUCT_ID, USER_ID, IS_ACTIVE, CREATED_BY, CREATED_ON, EDITED_BY, EDITED_ON, VERSION) values (75, 6, 'Monaural Hearing Aid Device Fitting using Assistive Listening Equipment', 16, 49, true, 'rchrestien22', '2017-09-23', 'atovey22', '2017-10-06', 1);
-- insert into PRODUCT_COMMENT (ID, RATE, COMMENT, PRODUCT_ID, USER_ID, IS_ACTIVE, CREATED_BY, CREATED_ON, EDITED_BY, EDITED_ON, VERSION) values (76, 8, 'Extirpation of Matter from Coronary Artery, Two Arteries using Orbital Atherectomy Technology, Percutaneous Approach, New Technology Group 1', 31, 10, false, 'etytterton23', '2017-11-22', 'gporcas23', '2018-06-11', 3);
-- insert into PRODUCT_COMMENT (ID, RATE, COMMENT, PRODUCT_ID, USER_ID, IS_ACTIVE, CREATED_BY, CREATED_ON, EDITED_BY, EDITED_ON, VERSION) values (77, 4, 'Insertion of Monitoring Device into Urethra, Percutaneous Endoscopic Approach', 47, 83, true, 'amcilwrath24', '2017-09-25', 'tmccarron24', '2018-01-30', 1);
-- insert into PRODUCT_COMMENT (ID, RATE, COMMENT, PRODUCT_ID, USER_ID, IS_ACTIVE, CREATED_BY, CREATED_ON, EDITED_BY, EDITED_ON, VERSION) values (78, 8, 'Low Dose Rate (LDR) Brachytherapy of Pancreas using Palladium 103 (Pd-103)', 30, 68, false, 'mscurrey25', '2018-02-12', 'gdeeming25', '2018-04-24', 2);
-- insert into PRODUCT_COMMENT (ID, RATE, COMMENT, PRODUCT_ID, USER_ID, IS_ACTIVE, CREATED_BY, CREATED_ON, EDITED_BY, EDITED_ON, VERSION) values (79, 8, 'Plaque Radiation of Jejunum', 39, 92, false, 'emitro26', '2018-07-18', 'rluparti26', '2017-12-26', 3);
-- insert into PRODUCT_COMMENT (ID, RATE, COMMENT, PRODUCT_ID, USER_ID, IS_ACTIVE, CREATED_BY, CREATED_ON, EDITED_BY, EDITED_ON, VERSION) values (80, 5, 'Revision of Synthetic Substitute in Cervical Vertebra, Open Approach', 49, 62, true, 'cmoodycliffe27', '2018-01-27', 'dsantore27', '2018-08-10', 2);
-- insert into PRODUCT_COMMENT (ID, RATE, COMMENT, PRODUCT_ID, USER_ID, IS_ACTIVE, CREATED_BY, CREATED_ON, EDITED_BY, EDITED_ON, VERSION) values (81, 6, 'Bypass Abdominal Aorta to Bilateral Common Iliac Arteries with Autologous Venous Tissue, Percutaneous Endoscopic Approach', 18, 83, true, 'aalhirsi28', '2018-04-09', 'mlincke28', '2017-11-07', 2);
-- insert into PRODUCT_COMMENT (ID, RATE, COMMENT, PRODUCT_ID, USER_ID, IS_ACTIVE, CREATED_BY, CREATED_ON, EDITED_BY, EDITED_ON, VERSION) values (82, 4, 'Therapeutic Exercise Treatment of Respiratory System - Head and Neck', 2, 10, false, 'lbaistow29', '2018-07-14', 'edanbi29', '2018-04-22', 3);
-- insert into PRODUCT_COMMENT (ID, RATE, COMMENT, PRODUCT_ID, USER_ID, IS_ACTIVE, CREATED_BY, CREATED_ON, EDITED_BY, EDITED_ON, VERSION) values (83, 7, 'Reposition Right Tarsal Joint with External Fixation Device, Percutaneous Approach', 27, 97, true, 'kcomettoi2a', '2018-03-29', 'wrubinchik2a', '2017-11-23', 2);
-- insert into PRODUCT_COMMENT (ID, RATE, COMMENT, PRODUCT_ID, USER_ID, IS_ACTIVE, CREATED_BY, CREATED_ON, EDITED_BY, EDITED_ON, VERSION) values (84, 4, 'Male Reproductive System, Revision', 42, 72, true, 'dlagrange2b', '2017-10-31', 'lgerdts2b', '2018-03-21', 1);
-- insert into PRODUCT_COMMENT (ID, RATE, COMMENT, PRODUCT_ID, USER_ID, IS_ACTIVE, CREATED_BY, CREATED_ON, EDITED_BY, EDITED_ON, VERSION) values (85, 4, 'Release Right Subclavian Artery, Percutaneous Approach', 31, 14, false, 'drymill2c', '2017-11-28', 'lnapoleone2c', '2018-02-17', 2);
-- insert into PRODUCT_COMMENT (ID, RATE, COMMENT, PRODUCT_ID, USER_ID, IS_ACTIVE, CREATED_BY, CREATED_ON, EDITED_BY, EDITED_ON, VERSION) values (86, 7, 'Dilation of Right Vertebral Artery with Four or More Drug-eluting Intraluminal Devices, Open Approach', 4, 40, false, 'hfarans2d', '2017-09-05', 'nrushmer2d', '2018-03-29', 3);
-- insert into PRODUCT_COMMENT (ID, RATE, COMMENT, PRODUCT_ID, USER_ID, IS_ACTIVE, CREATED_BY, CREATED_ON, EDITED_BY, EDITED_ON, VERSION) values (87, 7, 'Bypass Right Femoral Artery to Posterior Tibial Artery with Nonautologous Tissue Substitute, Open Approach', 39, 7, true, 'cfawlks2e', '2017-11-06', 'cscholtis2e', '2018-02-04', 1);
-- insert into PRODUCT_COMMENT (ID, RATE, COMMENT, PRODUCT_ID, USER_ID, IS_ACTIVE, CREATED_BY, CREATED_ON, EDITED_BY, EDITED_ON, VERSION) values (88, 7, 'Transfer Optic Nerve to Glossopharyngeal Nerve, Percutaneous Endoscopic Approach', 9, 42, false, 'aneate2f', '2018-07-30', 'hnono2f', '2018-03-19', 3);
-- insert into PRODUCT_COMMENT (ID, RATE, COMMENT, PRODUCT_ID, USER_ID, IS_ACTIVE, CREATED_BY, CREATED_ON, EDITED_BY, EDITED_ON, VERSION) values (89, 7, 'Excision of Cerebral Hemisphere, Percutaneous Approach', 11, 86, true, 'xdancer2g', '2017-11-08', 'espicer2g', '2017-08-29', 3);
-- insert into PRODUCT_COMMENT (ID, RATE, COMMENT, PRODUCT_ID, USER_ID, IS_ACTIVE, CREATED_BY, CREATED_ON, EDITED_BY, EDITED_ON, VERSION) values (90, 5, 'Fluoroscopy of Right Pulmonary Vein using Low Osmolar Contrast', 47, 15, false, 'wtapper2h', '2017-11-19', 'lilbert2h', '2018-07-19', 2);
-- insert into PRODUCT_COMMENT (ID, RATE, COMMENT, PRODUCT_ID, USER_ID, IS_ACTIVE, CREATED_BY, CREATED_ON, EDITED_BY, EDITED_ON, VERSION) values (91, 7, 'Supplement Right Carpal Joint with Synthetic Substitute, Percutaneous Approach', 29, 68, false, 'xtompkiss2i', '2017-09-12', 'cberrigan2i', '2018-04-06', 1);
-- insert into PRODUCT_COMMENT (ID, RATE, COMMENT, PRODUCT_ID, USER_ID, IS_ACTIVE, CREATED_BY, CREATED_ON, EDITED_BY, EDITED_ON, VERSION) values (92, 6, 'Division of Trunk Subcutaneous Tissue and Fascia, Open Approach', 40, 37, false, 'lkarolovsky2j', '2018-05-26', 'aebbetts2j', '2017-10-19', 2);
-- insert into PRODUCT_COMMENT (ID, RATE, COMMENT, PRODUCT_ID, USER_ID, IS_ACTIVE, CREATED_BY, CREATED_ON, EDITED_BY, EDITED_ON, VERSION) values (93, 9, 'Extirpation of Matter from Stomach, Pylorus, Percutaneous Approach', 46, 5, true, 'swaind2k', '2017-12-09', 'cboorne2k', '2018-02-11', 1);
-- insert into PRODUCT_COMMENT (ID, RATE, COMMENT, PRODUCT_ID, USER_ID, IS_ACTIVE, CREATED_BY, CREATED_ON, EDITED_BY, EDITED_ON, VERSION) values (94, 4, 'Excision of Left Tympanic Membrane, Via Natural or Artificial Opening Endoscopic', 49, 98, false, 'ablacket2l', '2018-06-12', 'dbutteris2l', '2018-05-20', 1);
-- insert into PRODUCT_COMMENT (ID, RATE, COMMENT, PRODUCT_ID, USER_ID, IS_ACTIVE, CREATED_BY, CREATED_ON, EDITED_BY, EDITED_ON, VERSION) values (95, 4, 'Insertion of Infusion Device into Upper Artery, Percutaneous Endoscopic Approach', 20, 17, false, 'bcarding2m', '2017-11-12', 'mlovett2m', '2018-05-17', 2);
-- insert into PRODUCT_COMMENT (ID, RATE, COMMENT, PRODUCT_ID, USER_ID, IS_ACTIVE, CREATED_BY, CREATED_ON, EDITED_BY, EDITED_ON, VERSION) values (96, 7, 'Reattachment of Duodenum, Open Approach', 49, 30, false, 'rfirks2n', '2018-03-03', 'fdawby2n', '2017-10-20', 1);
-- insert into PRODUCT_COMMENT (ID, RATE, COMMENT, PRODUCT_ID, USER_ID, IS_ACTIVE, CREATED_BY, CREATED_ON, EDITED_BY, EDITED_ON, VERSION) values (97, 4, 'Repair Prepuce, Percutaneous Endoscopic Approach', 46, 29, true, 'wpalser2o', '2017-10-26', 'aspeers2o', '2018-03-29', 3);
-- insert into PRODUCT_COMMENT (ID, RATE, COMMENT, PRODUCT_ID, USER_ID, IS_ACTIVE, CREATED_BY, CREATED_ON, EDITED_BY, EDITED_ON, VERSION) values (98, 3, 'Extirpation of Matter from Right Knee Tendon, Percutaneous Endoscopic Approach', 6, 48, false, 'abroadfield2p', '2018-06-02', 'lbaglin2p', '2018-06-24', 2);
-- insert into PRODUCT_COMMENT (ID, RATE, COMMENT, PRODUCT_ID, USER_ID, IS_ACTIVE, CREATED_BY, CREATED_ON, EDITED_BY, EDITED_ON, VERSION) values (99, 8, 'Reposition Left Clavicle with Internal Fixation Device, Percutaneous Approach', 6, 46, false, 'lhouldey2q', '2018-03-09', 'jransom2q', '2018-04-20', 3);
-- insert into PRODUCT_COMMENT (ID, RATE, COMMENT, PRODUCT_ID, USER_ID, IS_ACTIVE, CREATED_BY, CREATED_ON, EDITED_BY, EDITED_ON, VERSION) values (100, 4, 'Reposition Sacral Nerve, Open Approach', 41, 24, true, 'lbecconsall2r', '2017-09-05', 'krobeiro2r', '2018-08-16', 1);
--
--
-- ORDER DATA SAMPLE

-- insert into ORDERS (ID, ORDER_DATE, DELIVERY_DATE, DESCRIPTION, STATUS, DELIVERY_ADDRESS_ID, FACTOR_ADDRESS_ID, USER_ID, IS_ACTIVE, CREATED_BY, CREATED_ON, EDITED_BY, EDITED_ON, VERSION) values (10001, '2018-04-18', '2017-12-05', 'Fluoroscopy of Right Renal Vein using High Osmolar Contrast', 'POSTED', 174, 96, 15, false, 'afarran0', '2018-04-28', 'nolivetti0', '2017-11-08', 1);
-- insert into ORDERS (ID, ORDER_DATE, DELIVERY_DATE, DESCRIPTION, STATUS, DELIVERY_ADDRESS_ID, FACTOR_ADDRESS_ID, USER_ID, IS_ACTIVE, CREATED_BY, CREATED_ON, EDITED_BY, EDITED_ON, VERSION) values (10002, '2018-03-29', '2018-06-21', 'Revision of Synthetic Substitute in Cranial Cavity, Open Approach', 'CART', 123, 73, 71, false, 'cspedding1', '2017-10-21', 'nwayte1', '2017-10-19', 1);
-- insert into ORDERS (ID, ORDER_DATE, DELIVERY_DATE, DESCRIPTION, STATUS, DELIVERY_ADDRESS_ID, FACTOR_ADDRESS_ID, USER_ID, IS_ACTIVE, CREATED_BY, CREATED_ON, EDITED_BY, EDITED_ON, VERSION) values (10003, '2018-01-05', '2017-11-05', 'Fusion of 8 or more Thoracic Vertebral Joints, Anterior Approach, Anterior Column, Open Approach', 'ACCEPTED', 168, 9, 61, false, 'sfeirn2', '2018-04-08', 'ibayman2', '2017-12-11', 3);
-- insert into ORDERS (ID, ORDER_DATE, DELIVERY_DATE, DESCRIPTION, STATUS, DELIVERY_ADDRESS_ID, FACTOR_ADDRESS_ID, USER_ID, IS_ACTIVE, CREATED_BY, CREATED_ON, EDITED_BY, EDITED_ON, VERSION) values (10004, '2018-02-14', '2018-04-02', 'Insertion of Other Device into Right Upper Arm, Percutaneous Approach', 'RETURNED', 191, 87, 38, true, 'hkloster3', '2018-02-03', 'edriscoll3', '2018-05-12', 3);
-- insert into ORDERS (ID, ORDER_DATE, DELIVERY_DATE, DESCRIPTION, STATUS, DELIVERY_ADDRESS_ID, FACTOR_ADDRESS_ID, USER_ID, IS_ACTIVE, CREATED_BY, CREATED_ON, EDITED_BY, EDITED_ON, VERSION) values (10005, '2017-10-11', '2018-07-01', 'Endocrine System, Insertion', 'PACKING', 188, 49, 29, true, 'egoaley4', '2017-10-02', 'afenkel4', '2018-04-03', 2);
-- insert into ORDERS (ID, ORDER_DATE, DELIVERY_DATE, DESCRIPTION, STATUS, DELIVERY_ADDRESS_ID, FACTOR_ADDRESS_ID, USER_ID, IS_ACTIVE, CREATED_BY, CREATED_ON, EDITED_BY, EDITED_ON, VERSION) values (10006, '2018-03-24', '2018-05-12', 'Resection of Products of Conception, Ectopic, Percutaneous Approach', 'POSTED', 185, 142, 63, false, 'amathewes5', '2017-12-25', 'fabisetti5', '2017-11-27', 1);
-- insert into ORDERS (ID, ORDER_DATE, DELIVERY_DATE, DESCRIPTION, STATUS, DELIVERY_ADDRESS_ID, FACTOR_ADDRESS_ID, USER_ID, IS_ACTIVE, CREATED_BY, CREATED_ON, EDITED_BY, EDITED_ON, VERSION) values (10007, '2018-06-21', '2017-09-25', 'Removal of Monitoring Device from Pancreatic Duct, Via Natural or Artificial Opening Endoscopic', 'CART', 189, 87, 60, true, 'hdene6', '2018-06-19', 'wbauckham6', '2018-05-02', 1);
-- insert into ORDERS (ID, ORDER_DATE, DELIVERY_DATE, DESCRIPTION, STATUS, DELIVERY_ADDRESS_ID, FACTOR_ADDRESS_ID, USER_ID, IS_ACTIVE, CREATED_BY, CREATED_ON, EDITED_BY, EDITED_ON, VERSION) values (10008, '2018-02-03', '2018-02-06', 'Destruction of Right Mandible, Percutaneous Approach', 'PACKING', 129, 187, 16, true, 'mcochet7', '2017-12-26', 'jomoylane7', '2017-10-04', 2);
-- insert into ORDERS (ID, ORDER_DATE, DELIVERY_DATE, DESCRIPTION, STATUS, DELIVERY_ADDRESS_ID, FACTOR_ADDRESS_ID, USER_ID, IS_ACTIVE, CREATED_BY, CREATED_ON, EDITED_BY, EDITED_ON, VERSION) values (10009, '2018-02-25', '2018-01-18', 'Dilation of Left Kidney Pelvis, Open Approach', 'PACKING', 170, 10, 21, true, 'mpelman8', '2018-05-11', 'dforson8', '2017-12-01', 2);
-- insert into ORDERS (ID, ORDER_DATE, DELIVERY_DATE, DESCRIPTION, STATUS, DELIVERY_ADDRESS_ID, FACTOR_ADDRESS_ID, USER_ID, IS_ACTIVE, CREATED_BY, CREATED_ON, EDITED_BY, EDITED_ON, VERSION) values (10010, '2017-09-20', '2018-07-16', 'Division of Left Shoulder Bursa and Ligament, Open Approach', 'ACCEPTED', 82, 99, 78, false, 'ebanville9', '2018-04-03', 'amclaughlan9', '2018-02-09', 2);
-- insert into ORDERS (ID, ORDER_DATE, DELIVERY_DATE, DESCRIPTION, STATUS, DELIVERY_ADDRESS_ID, FACTOR_ADDRESS_ID, USER_ID, IS_ACTIVE, CREATED_BY, CREATED_ON, EDITED_BY, EDITED_ON, VERSION) values (10011, '2018-05-10', '2018-04-08', 'Restriction of Right External Carotid Artery, Percutaneous Approach', 'CART', 163, 52, 59, true, 'gmaccostigana', '2018-06-25', 'rmoya', '2018-02-25', 2);
-- insert into ORDERS (ID, ORDER_DATE, DELIVERY_DATE, DESCRIPTION, STATUS, DELIVERY_ADDRESS_ID, FACTOR_ADDRESS_ID, USER_ID, IS_ACTIVE, CREATED_BY, CREATED_ON, EDITED_BY, EDITED_ON, VERSION) values (10012, '2018-06-11', '2018-08-25', 'Osteopathic Treatment of Upper Extremities using Low Velocity-High Amplitude Forces', 'REGISTERED', 29, 6, 34, true, 'zfraczakb', '2017-09-25', 'kgingedaleb', '2018-02-02', 1);
-- insert into ORDERS (ID, ORDER_DATE, DELIVERY_DATE, DESCRIPTION, STATUS, DELIVERY_ADDRESS_ID, FACTOR_ADDRESS_ID, USER_ID, IS_ACTIVE, CREATED_BY, CREATED_ON, EDITED_BY, EDITED_ON, VERSION) values (10013, '2018-05-16', '2018-05-07', 'Extirpation of Matter from Head and Neck Bursa and Ligament, Percutaneous Endoscopic Approach', 'RETURNED', 41, 14, 96, false, 'btrowellc', '2018-04-02', 'ltordiffec', '2018-01-10', 1);
-- insert into ORDERS (ID, ORDER_DATE, DELIVERY_DATE, DESCRIPTION, STATUS, DELIVERY_ADDRESS_ID, FACTOR_ADDRESS_ID, USER_ID, IS_ACTIVE, CREATED_BY, CREATED_ON, EDITED_BY, EDITED_ON, VERSION) values (10014, '2018-05-20', '2018-06-06', 'Removal of Intraluminal Device from Tracheobronchial Tree, Percutaneous Endoscopic Approach', 'REGISTERED', 169, 51, 56, true, 'mstillyd', '2018-07-08', 'glaisterd', '2018-02-03', 3);
-- insert into ORDERS (ID, ORDER_DATE, DELIVERY_DATE, DESCRIPTION, STATUS, DELIVERY_ADDRESS_ID, FACTOR_ADDRESS_ID, USER_ID, IS_ACTIVE, CREATED_BY, CREATED_ON, EDITED_BY, EDITED_ON, VERSION) values (10015, '2018-01-24', '2018-02-05', 'Alteration of Right Upper Extremity, Percutaneous Approach', 'CART', 80, 6, 69, true, 'akinceye', '2018-05-16', 'rmacere', '2017-10-20', 3);
-- insert into ORDERS (ID, ORDER_DATE, DELIVERY_DATE, DESCRIPTION, STATUS, DELIVERY_ADDRESS_ID, FACTOR_ADDRESS_ID, USER_ID, IS_ACTIVE, CREATED_BY, CREATED_ON, EDITED_BY, EDITED_ON, VERSION) values (10016, '2017-10-09', '2018-06-08', 'Fusion of Left Metacarpophalangeal Joint with External Fixation Device, Percutaneous Approach', 'REGISTERED', 78, 137, 9, true, 'xocrevanf', '2018-04-18', 'bfennickf', '2017-09-06', 2);
-- insert into ORDERS (ID, ORDER_DATE, DELIVERY_DATE, DESCRIPTION, STATUS, DELIVERY_ADDRESS_ID, FACTOR_ADDRESS_ID, USER_ID, IS_ACTIVE, CREATED_BY, CREATED_ON, EDITED_BY, EDITED_ON, VERSION) values (10017, '2018-01-19', '2018-08-24', 'Revision of Infusion Pump in Trunk Subcutaneous Tissue and Fascia, External Approach', 'PACKING', 49, 15, 72, true, 'ttookeg', '2017-08-30', 'sabramamovg', '2018-06-07', 1);
-- insert into ORDERS (ID, ORDER_DATE, DELIVERY_DATE, DESCRIPTION, STATUS, DELIVERY_ADDRESS_ID, FACTOR_ADDRESS_ID, USER_ID, IS_ACTIVE, CREATED_BY, CREATED_ON, EDITED_BY, EDITED_ON, VERSION) values (10018, '2017-12-23', '2018-04-03', 'Dilation of Right Internal Mammary Artery, Open Approach', 'POSTED', 128, 135, 62, false, 'gfraschinih', '2018-05-27', 'mmavingh', '2018-02-23', 2);
-- insert into ORDERS (ID, ORDER_DATE, DELIVERY_DATE, DESCRIPTION, STATUS, DELIVERY_ADDRESS_ID, FACTOR_ADDRESS_ID, USER_ID, IS_ACTIVE, CREATED_BY, CREATED_ON, EDITED_BY, EDITED_ON, VERSION) values (10019, '2018-04-11', '2018-08-10', 'Bypass Ileum to Anus with Nonautologous Tissue Substitute, Via Natural or Artificial Opening Endoscopic', 'REGISTERED', 136, 102, 50, false, 'pkirckmani', '2017-10-17', 'mtaylouri', '2017-09-27', 3);
-- insert into ORDERS (ID, ORDER_DATE, DELIVERY_DATE, DESCRIPTION, STATUS, DELIVERY_ADDRESS_ID, FACTOR_ADDRESS_ID, USER_ID, IS_ACTIVE, CREATED_BY, CREATED_ON, EDITED_BY, EDITED_ON, VERSION) values (10020, '2018-06-08', '2018-01-14', 'Fluoroscopy of Whole Spine using High Osmolar Contrast', 'POSTED', 85, 167, 93, false, 'hbeldamj', '2018-03-06', 'bhellwigj', '2017-10-26', 2);
-- insert into ORDERS (ID, ORDER_DATE, DELIVERY_DATE, DESCRIPTION, STATUS, DELIVERY_ADDRESS_ID, FACTOR_ADDRESS_ID, USER_ID, IS_ACTIVE, CREATED_BY, CREATED_ON, EDITED_BY, EDITED_ON, VERSION) values (10021, '2017-09-18', '2018-03-02', 'Introduction of Other Therapeutic Substance into Central Vein, Open Approach', 'ACCEPTED', 58, 61, 67, true, 'ieagletonk', '2018-04-06', 'gwortonk', '2018-02-15', 2);
-- insert into ORDERS (ID, ORDER_DATE, DELIVERY_DATE, DESCRIPTION, STATUS, DELIVERY_ADDRESS_ID, FACTOR_ADDRESS_ID, USER_ID, IS_ACTIVE, CREATED_BY, CREATED_ON, EDITED_BY, EDITED_ON, VERSION) values (10022, '2018-07-19', '2018-06-15', 'Magnetic Resonance Imaging (MRI) of Left Eye using Other Contrast, Unenhanced and Enhanced', 'RETURNED', 59, 43, 59, false, 'cservantel', '2018-04-03', 'spindredl', '2017-11-11', 1);
-- insert into ORDERS (ID, ORDER_DATE, DELIVERY_DATE, DESCRIPTION, STATUS, DELIVERY_ADDRESS_ID, FACTOR_ADDRESS_ID, USER_ID, IS_ACTIVE, CREATED_BY, CREATED_ON, EDITED_BY, EDITED_ON, VERSION) values (10023, '2018-01-28', '2018-06-14', 'Insertion of Infusion Device into Colic Vein, Open Approach', 'PACKING', 56, 66, 72, true, 'wnaisbittm', '2018-01-12', 'agornarm', '2017-10-16', 2);
-- insert into ORDERS (ID, ORDER_DATE, DELIVERY_DATE, DESCRIPTION, STATUS, DELIVERY_ADDRESS_ID, FACTOR_ADDRESS_ID, USER_ID, IS_ACTIVE, CREATED_BY, CREATED_ON, EDITED_BY, EDITED_ON, VERSION) values (10024, '2018-04-04', '2018-07-03', 'Auditory Processing Assessment', 'REGISTERED', 169, 153, 51, false, 'cwolfingern', '2018-04-07', 'vnewdickn', '2018-05-12', 1);
-- insert into ORDERS (ID, ORDER_DATE, DELIVERY_DATE, DESCRIPTION, STATUS, DELIVERY_ADDRESS_ID, FACTOR_ADDRESS_ID, USER_ID, IS_ACTIVE, CREATED_BY, CREATED_ON, EDITED_BY, EDITED_ON, VERSION) values (10025, '2017-09-09', '2018-05-01', 'Occlusion of Left Ureter with Extraluminal Device, Percutaneous Approach', 'CART', 85, 128, 8, false, 'iarangyo', '2018-08-27', 'vornilloso', '2017-09-23', 1);
-- insert into ORDERS (ID, ORDER_DATE, DELIVERY_DATE, DESCRIPTION, STATUS, DELIVERY_ADDRESS_ID, FACTOR_ADDRESS_ID, USER_ID, IS_ACTIVE, CREATED_BY, CREATED_ON, EDITED_BY, EDITED_ON, VERSION) values (10026, '2017-10-06', '2018-05-08', 'Ultrasound Therapy of Other Vessels, Multiple', 'POSTED', 84, 84, 56, false, 'cpellerp', '2018-02-06', 'sbaiylep', '2018-03-18', 2);
-- insert into ORDERS (ID, ORDER_DATE, DELIVERY_DATE, DESCRIPTION, STATUS, DELIVERY_ADDRESS_ID, FACTOR_ADDRESS_ID, USER_ID, IS_ACTIVE, CREATED_BY, CREATED_ON, EDITED_BY, EDITED_ON, VERSION) values (10027, '2018-02-09', '2017-09-09', 'Restriction of Left Internal Mammary Lymphatic with Extraluminal Device, Open Approach', 'PACKING', 95, 199, 8, true, 'cdwaneq', '2017-12-12', 'kbollonq', '2018-05-07', 2);
-- insert into ORDERS (ID, ORDER_DATE, DELIVERY_DATE, DESCRIPTION, STATUS, DELIVERY_ADDRESS_ID, FACTOR_ADDRESS_ID, USER_ID, IS_ACTIVE, CREATED_BY, CREATED_ON, EDITED_BY, EDITED_ON, VERSION) values (10028, '2018-05-12', '2018-02-10', 'Insertion of Intraluminal Device into Left Femoral Vein, Percutaneous Approach', 'PACKING', 164, 161, 20, true, 'tseallyr', '2017-12-01', 'glenoirer', '2018-06-20', 2);
-- insert into ORDERS (ID, ORDER_DATE, DELIVERY_DATE, DESCRIPTION, STATUS, DELIVERY_ADDRESS_ID, FACTOR_ADDRESS_ID, USER_ID, IS_ACTIVE, CREATED_BY, CREATED_ON, EDITED_BY, EDITED_ON, VERSION) values (10029, '2018-05-14', '2017-12-24', 'Bypass Abdominal Aorta to Right Common Iliac Artery with Autologous Venous Tissue, Percutaneous Endoscopic Approach', 'PACKING', 143, 67, 36, false, 'rglenfields', '2018-03-27', 'mnelms', '2018-05-06', 3);
-- insert into ORDERS (ID, ORDER_DATE, DELIVERY_DATE, DESCRIPTION, STATUS, DELIVERY_ADDRESS_ID, FACTOR_ADDRESS_ID, USER_ID, IS_ACTIVE, CREATED_BY, CREATED_ON, EDITED_BY, EDITED_ON, VERSION) values (10030, '2018-01-03', '2018-06-24', 'Restriction of Left Ulnar Artery with Intraluminal Device, Percutaneous Endoscopic Approach', 'POSTED', 8, 158, 25, false, 'bborrowt', '2018-06-08', 'mvillaront', '2017-10-05', 3);

-- -- ORDER ITEM SAMPLE DATA
--
-- insert into ORDER_ITEM  (ID, CODE, DESCRIPTION, NAME, POINTS, PRICE, REQUIREMENT_POINTS, NUMBER, ORDER_ID, PRODUCT_ID, IS_ACTIVE, CREATED_BY, CREATED_ON, EDITED_BY, EDITED_ON, VERSION) values (500 + 1, '8960', 'Occlusion of Left Common Carotid Artery with Bioactive Intraluminal Device, Open Approach', 'Cardguard', 3, 29563, 5, 9, 13, 49, false, 'hmosdill0', '2018-06-18', 'asilk0', '2017-11-25', 2);
-- insert into ORDER_ITEM  (ID, CODE, DESCRIPTION, NAME, POINTS, PRICE, REQUIREMENT_POINTS, NUMBER, ORDER_ID, PRODUCT_ID, IS_ACTIVE, CREATED_BY, CREATED_ON, EDITED_BY, EDITED_ON, VERSION) values (500 + 2, '1669', 'Reposition Right Sacroiliac Joint with Internal Fixation Device, External Approach', 'Viva', 1, 32633, 1, 10, 3, 28, false, 'lloveredge1', '2018-01-17', 'landre1', '2018-08-01', 1);
-- insert into ORDER_ITEM  (ID, CODE, DESCRIPTION, NAME, POINTS, PRICE, REQUIREMENT_POINTS, NUMBER, ORDER_ID, PRODUCT_ID, IS_ACTIVE, CREATED_BY, CREATED_ON, EDITED_BY, EDITED_ON, VERSION) values (500 + 3, '8895', 'Excision of Right Elbow Region, Percutaneous Approach, Diagnostic', 'Rank', 1, 35156, 2, 5, 22, 14, false, 'felgey2', '2018-06-30', 'adudden2', '2018-02-17', 2);
-- insert into ORDER_ITEM  (ID, CODE, DESCRIPTION, NAME, POINTS, PRICE, REQUIREMENT_POINTS, NUMBER, ORDER_ID, PRODUCT_ID, IS_ACTIVE, CREATED_BY, CREATED_ON, EDITED_BY, EDITED_ON, VERSION) values (500 + 4, '2122', 'Bypass Abdominal Aorta to Right Internal Iliac Artery with Nonautologous Tissue Substitute, Open Approach', 'Pannier', 5, 18864, 3, 2, 17, 33, true, 'aharmes3', '2017-09-27', 'jlevi3', '2018-06-28', 3);
-- insert into ORDER_ITEM  (ID, CODE, DESCRIPTION, NAME, POINTS, PRICE, REQUIREMENT_POINTS, NUMBER, ORDER_ID, PRODUCT_ID, IS_ACTIVE, CREATED_BY, CREATED_ON, EDITED_BY, EDITED_ON, VERSION) values (500 + 5, '4674', 'Removal of Synthetic Substitute from Right Hip Joint, Acetabular Surface, Percutaneous Approach', 'Domainer', 4, 27159, 2, 1, 29, 7, true, 'kropp4', '2018-03-08', 'mcheesman4', '2018-01-06', 1);
-- insert into ORDER_ITEM  (ID, CODE, DESCRIPTION, NAME, POINTS, PRICE, REQUIREMENT_POINTS, NUMBER, ORDER_ID, PRODUCT_ID, IS_ACTIVE, CREATED_BY, CREATED_ON, EDITED_BY, EDITED_ON, VERSION) values (500 + 6, '3149', 'Supplement Left Shoulder Joint with Nonautologous Tissue Substitute, Open Approach', 'Matsoft', 2, 10116, 2, 2, 20, 23, true, 'jgrimsdike5', '2017-10-19', 'jlittrick5', '2018-06-03', 2);
-- insert into ORDER_ITEM  (ID, CODE, DESCRIPTION, NAME, POINTS, PRICE, REQUIREMENT_POINTS, NUMBER, ORDER_ID, PRODUCT_ID, IS_ACTIVE, CREATED_BY, CREATED_ON, EDITED_BY, EDITED_ON, VERSION) values (500 + 7, '8669', 'Excision of Right Lower Arm and Wrist Tendon, Open Approach', 'Home Ing', 5, 42795, 1, 5, 21, 14, true, 'kthoma6', '2017-09-09', 'wbritner6', '2018-05-24', 2);
-- insert into ORDER_ITEM  (ID, CODE, DESCRIPTION, NAME, POINTS, PRICE, REQUIREMENT_POINTS, NUMBER, ORDER_ID, PRODUCT_ID, IS_ACTIVE, CREATED_BY, CREATED_ON, EDITED_BY, EDITED_ON, VERSION) values (500 + 8, '7669', 'Insertion of Infusion Device into Right Metatarsal-Tarsal Joint, Percutaneous Approach', 'Sub-Ex', 3, 28388, 3, 8, 30, 4, false, 'sjendrusch7', '2017-11-12', 'handryushin7', '2017-09-24', 3);
-- insert into ORDER_ITEM  (ID, CODE, DESCRIPTION, NAME, POINTS, PRICE, REQUIREMENT_POINTS, NUMBER, ORDER_ID, PRODUCT_ID, IS_ACTIVE, CREATED_BY, CREATED_ON, EDITED_BY, EDITED_ON, VERSION) values (500 + 9, '4686', 'Bypass Splenic Vein to Lower Vein, Percutaneous Endoscopic Approach', 'Sonair', 4, 11392, 3, 9, 1, 45, false, 'jlehenmann8', '2018-08-27', 'swright8', '2018-03-27', 2);
-- insert into ORDER_ITEM  (ID, CODE, DESCRIPTION, NAME, POINTS, PRICE, REQUIREMENT_POINTS, NUMBER, ORDER_ID, PRODUCT_ID, IS_ACTIVE, CREATED_BY, CREATED_ON, EDITED_BY, EDITED_ON, VERSION) values (500 + 10, '7538', 'Insertion of Spacer into Right Carpal Joint, Percutaneous Approach', 'Tresom', 2, 38753, 4, 5, 18, 10, true, 'bcypler9', '2018-02-02', 'aswafford9', '2018-04-08', 2);
-- insert into ORDER_ITEM  (ID, CODE, DESCRIPTION, NAME, POINTS, PRICE, REQUIREMENT_POINTS, NUMBER, ORDER_ID, PRODUCT_ID, IS_ACTIVE, CREATED_BY, CREATED_ON, EDITED_BY, EDITED_ON, VERSION) values (500 + 11, '3409', 'Inspection of Peripheral Nerve, Open Approach', 'Cardguard', 5, 38219, 1, 2, 10, 18, false, 'cfoggoa', '2017-11-20', 'chedlinga', '2017-11-16', 3);
-- insert into ORDER_ITEM  (ID, CODE, DESCRIPTION, NAME, POINTS, PRICE, REQUIREMENT_POINTS, NUMBER, ORDER_ID, PRODUCT_ID, IS_ACTIVE, CREATED_BY, CREATED_ON, EDITED_BY, EDITED_ON, VERSION) values (500 + 12, '9061', 'Division of Right Radius, Percutaneous Endoscopic Approach', 'Andalax', 5, 5708, 4, 10, 11, 40, false, 'kbarffb', '2018-03-31', 'ihenderb', '2018-01-02', 2);
-- insert into ORDER_ITEM  (ID, CODE, DESCRIPTION, NAME, POINTS, PRICE, REQUIREMENT_POINTS, NUMBER, ORDER_ID, PRODUCT_ID, IS_ACTIVE, CREATED_BY, CREATED_ON, EDITED_BY, EDITED_ON, VERSION) values (500 + 13, '5891', 'Drainage of Abdominal Aorta, Percutaneous Approach, Diagnostic', 'Cardify', 3, 28823, 5, 4, 8, 29, false, 'sbonfieldc', '2018-03-12', 'aboostc', '2018-07-08', 3);
-- insert into ORDER_ITEM  (ID, CODE, DESCRIPTION, NAME, POINTS, PRICE, REQUIREMENT_POINTS, NUMBER, ORDER_ID, PRODUCT_ID, IS_ACTIVE, CREATED_BY, CREATED_ON, EDITED_BY, EDITED_ON, VERSION) values (500 + 14, '5535', 'Drainage of Lower Gingiva, Open Approach', 'Vagram', 5, 23006, 2, 2, 14, 6, true, 'oparmeterd', '2018-08-14', 'hdemed', '2018-02-26', 3);
-- insert into ORDER_ITEM  (ID, CODE, DESCRIPTION, NAME, POINTS, PRICE, REQUIREMENT_POINTS, NUMBER, ORDER_ID, PRODUCT_ID, IS_ACTIVE, CREATED_BY, CREATED_ON, EDITED_BY, EDITED_ON, VERSION) values (500 + 15, '2009', 'Replacement of Tongue with Nonautologous Tissue Substitute, External Approach', 'Tres-Zap', 1, 7806, 1, 4, 19, 15, true, 'hbursnalle', '2018-05-15', 'cnerhenye', '2017-10-24', 1);
-- insert into ORDER_ITEM  (ID, CODE, DESCRIPTION, NAME, POINTS, PRICE, REQUIREMENT_POINTS, NUMBER, ORDER_ID, PRODUCT_ID, IS_ACTIVE, CREATED_BY, CREATED_ON, EDITED_BY, EDITED_ON, VERSION) values (500 + 16, '0042', 'Replacement of Right Fibula with Autologous Tissue Substitute, Percutaneous Endoscopic Approach', 'Tempsoft', 3, 8714, 2, 5, 6, 21, true, 'ecarlickf', '2017-11-25', 'kpreuvostf', '2018-06-21', 3);
-- insert into ORDER_ITEM  (ID, CODE, DESCRIPTION, NAME, POINTS, PRICE, REQUIREMENT_POINTS, NUMBER, ORDER_ID, PRODUCT_ID, IS_ACTIVE, CREATED_BY, CREATED_ON, EDITED_BY, EDITED_ON, VERSION) values (500 + 17, '3472', 'Reposition Left Ulna with External Fixation Device, Percutaneous Approach', 'Fix San', 4, 45024, 1, 9, 19, 41, true, 'coulnerg', '2018-05-09', 'bgreenang', '2017-11-25', 3);
-- insert into ORDER_ITEM  (ID, CODE, DESCRIPTION, NAME, POINTS, PRICE, REQUIREMENT_POINTS, NUMBER, ORDER_ID, PRODUCT_ID, IS_ACTIVE, CREATED_BY, CREATED_ON, EDITED_BY, EDITED_ON, VERSION) values (500 + 18, '4709', 'Transfusion of Nonautologous Frozen Red Cells into Peripheral Artery, Percutaneous Approach', 'Fintone', 3, 15352, 4, 6, 19, 40, false, 'hosorioh', '2018-08-26', 'lpreslandh', '2017-10-01', 1);
-- insert into ORDER_ITEM  (ID, CODE, DESCRIPTION, NAME, POINTS, PRICE, REQUIREMENT_POINTS, NUMBER, ORDER_ID, PRODUCT_ID, IS_ACTIVE, CREATED_BY, CREATED_ON, EDITED_BY, EDITED_ON, VERSION) values (500 + 19, '1513', 'Bypass Abdominal Aorta to Bilateral External Iliac Arteries, Percutaneous Endoscopic Approach', 'Regrant', 5, 14152, 3, 5, 2, 16, false, 'aescalantei', '2018-02-04', 'etrotteri', '2018-05-01', 2);
-- insert into ORDER_ITEM  (ID, CODE, DESCRIPTION, NAME, POINTS, PRICE, REQUIREMENT_POINTS, NUMBER, ORDER_ID, PRODUCT_ID, IS_ACTIVE, CREATED_BY, CREATED_ON, EDITED_BY, EDITED_ON, VERSION) values (500 + 20, '3776', 'High Dose Rate (HDR) Brachytherapy of Ovary using Iodine 125 (I-125)', 'Biodex', 4, 27758, 1, 1, 12, 19, false, 'gdewisj', '2017-12-25', 'wrennlesj', '2017-10-09', 1);
-- insert into ORDER_ITEM  (ID, CODE, DESCRIPTION, NAME, POINTS, PRICE, REQUIREMENT_POINTS, NUMBER, ORDER_ID, PRODUCT_ID, IS_ACTIVE, CREATED_BY, CREATED_ON, EDITED_BY, EDITED_ON, VERSION) values (500 + 21, '8621', 'Lower Veins, Removal', 'Asoka', 2, 36802, 1, 8, 25, 20, false, 'ecarsbergk', '2018-01-18', 'hmcrannellk', '2017-11-13', 1);
-- insert into ORDER_ITEM  (ID, CODE, DESCRIPTION, NAME, POINTS, PRICE, REQUIREMENT_POINTS, NUMBER, ORDER_ID, PRODUCT_ID, IS_ACTIVE, CREATED_BY, CREATED_ON, EDITED_BY, EDITED_ON, VERSION) values (500 + 22, '6392', 'Eye, Extraction', 'Mat Lam Tam', 5, 33157, 3, 6, 13, 43, false, 'dmckinnonl', '2017-11-15', 'pstrassel', '2018-08-03', 1);
-- insert into ORDER_ITEM  (ID, CODE, DESCRIPTION, NAME, POINTS, PRICE, REQUIREMENT_POINTS, NUMBER, ORDER_ID, PRODUCT_ID, IS_ACTIVE, CREATED_BY, CREATED_ON, EDITED_BY, EDITED_ON, VERSION) values (500 + 23, '1671', 'Replacement of Left Middle Ear with Nonautologous Tissue Substitute, Open Approach', 'Matsoft', 3, 43870, 4, 3, 11, 19, false, 'rspykingsm', '2018-01-30', 'pbunchm', '2018-07-06', 3);
-- insert into ORDER_ITEM  (ID, CODE, DESCRIPTION, NAME, POINTS, PRICE, REQUIREMENT_POINTS, NUMBER, ORDER_ID, PRODUCT_ID, IS_ACTIVE, CREATED_BY, CREATED_ON, EDITED_BY, EDITED_ON, VERSION) values (500 + 24, '8139', 'Fusion of Cervicothoracic Vertebral Joint with Interbody Fusion Device, Posterior Approach, Posterior Column, Percutaneous Approach', 'Tampflex', 5, 33470, 4, 8, 17, 38, false, 'swoolnern', '2018-07-29', 'jbullenn', '2018-03-21', 1);
-- insert into ORDER_ITEM  (ID, CODE, DESCRIPTION, NAME, POINTS, PRICE, REQUIREMENT_POINTS, NUMBER, ORDER_ID, PRODUCT_ID, IS_ACTIVE, CREATED_BY, CREATED_ON, EDITED_BY, EDITED_ON, VERSION) values (500 + 25, '4108', 'Destruction of Facial Nerve, Percutaneous Approach', 'Bamity', 1, 19528, 2, 10, 7, 50, true, 'abentono', '2018-03-15', 'earrighio', '2018-06-04', 3);
-- insert into ORDER_ITEM  (ID, CODE, DESCRIPTION, NAME, POINTS, PRICE, REQUIREMENT_POINTS, NUMBER, ORDER_ID, PRODUCT_ID, IS_ACTIVE, CREATED_BY, CREATED_ON, EDITED_BY, EDITED_ON, VERSION) values (500 + 26, '3192', 'Repair Left Upper Arm Tendon, Percutaneous Endoscopic Approach', 'Zontrax', 2, 13530, 3, 7, 26, 5, false, 'gjosephsp', '2018-05-15', 'bwildberp', '2018-04-27', 2);
-- insert into ORDER_ITEM  (ID, CODE, DESCRIPTION, NAME, POINTS, PRICE, REQUIREMENT_POINTS, NUMBER, ORDER_ID, PRODUCT_ID, IS_ACTIVE, CREATED_BY, CREATED_ON, EDITED_BY, EDITED_ON, VERSION) values (500 + 27, '0129', 'High Dose Rate (HDR) Brachytherapy of Trachea using Iridium 192 (Ir-192)', 'Daltfresh', 1, 36112, 4, 10, 6, 48, true, 'achecchiq', '2017-12-31', 'agoughq', '2018-04-03', 1);
-- insert into ORDER_ITEM  (ID, CODE, DESCRIPTION, NAME, POINTS, PRICE, REQUIREMENT_POINTS, NUMBER, ORDER_ID, PRODUCT_ID, IS_ACTIVE, CREATED_BY, CREATED_ON, EDITED_BY, EDITED_ON, VERSION) values (500 + 28, '7939', 'Excision of Left Abdomen Tendon, Percutaneous Approach, Diagnostic', 'Flexidy', 3, 44270, 4, 7, 15, 49, true, 'bokeevanr', '2018-05-28', 'sruttr', '2018-08-01', 1);
-- insert into ORDER_ITEM  (ID, CODE, DESCRIPTION, NAME, POINTS, PRICE, REQUIREMENT_POINTS, NUMBER, ORDER_ID, PRODUCT_ID, IS_ACTIVE, CREATED_BY, CREATED_ON, EDITED_BY, EDITED_ON, VERSION) values (500 + 29, '4951', 'Dilation of Superior Mesenteric Artery, Bifurcation, with Two Drug-eluting Intraluminal Devices, Open Approach', 'Y-find', 4, 15987, 5, 3, 11, 39, false, 'plawees', '2018-04-09', 'jdannells', '2018-01-30', 1);
-- insert into ORDER_ITEM  (ID, CODE, DESCRIPTION, NAME, POINTS, PRICE, REQUIREMENT_POINTS, NUMBER, ORDER_ID, PRODUCT_ID, IS_ACTIVE, CREATED_BY, CREATED_ON, EDITED_BY, EDITED_ON, VERSION) values (500 + 30, '1781', 'Reposition Left Hip Joint with Internal Fixation Device, Open Approach', 'Trippledex', 4, 19110, 1, 8, 22, 9, true, 'hhathawayt', '2018-08-05', 'mluchellit', '2017-11-10', 1);
-- insert into ORDER_ITEM  (ID, CODE, DESCRIPTION, NAME, POINTS, PRICE, REQUIREMENT_POINTS, NUMBER, ORDER_ID, PRODUCT_ID, IS_ACTIVE, CREATED_BY, CREATED_ON, EDITED_BY, EDITED_ON, VERSION) values (500 + 31, '5591', 'Postural Control Treatment of Neurological System - Whole Body using Prosthesis', 'Vagram', 5, 42311, 4, 1, 24, 28, false, 'mleederu', '2018-05-17', 'lricciardiellou', '2018-03-24', 2);
-- insert into ORDER_ITEM  (ID, CODE, DESCRIPTION, NAME, POINTS, PRICE, REQUIREMENT_POINTS, NUMBER, ORDER_ID, PRODUCT_ID, IS_ACTIVE, CREATED_BY, CREATED_ON, EDITED_BY, EDITED_ON, VERSION) values (500 + 32, '7908', 'Division of Left Wrist Bursa and Ligament, Percutaneous Approach', 'Zoolab', 1, 41597, 1, 9, 9, 43, true, 'tdorricottv', '2018-01-20', 'gtwitchingv', '2018-05-16', 3);
-- insert into ORDER_ITEM  (ID, CODE, DESCRIPTION, NAME, POINTS, PRICE, REQUIREMENT_POINTS, NUMBER, ORDER_ID, PRODUCT_ID, IS_ACTIVE, CREATED_BY, CREATED_ON, EDITED_BY, EDITED_ON, VERSION) values (500 + 33, '6998', 'Revision of Other Device in Abdominal Wall, Open Approach', 'Zaam-Dox', 3, 22000, 2, 1, 20, 37, true, 'rreveleyw', '2017-08-29', 'sbarouxw', '2018-01-28', 2);
-- insert into ORDER_ITEM  (ID, CODE, DESCRIPTION, NAME, POINTS, PRICE, REQUIREMENT_POINTS, NUMBER, ORDER_ID, PRODUCT_ID, IS_ACTIVE, CREATED_BY, CREATED_ON, EDITED_BY, EDITED_ON, VERSION) values (500 + 34, '5253', 'Supplement Right Lesser Saphenous Vein with Autologous Tissue Substitute, Open Approach', 'Latlux', 1, 40271, 4, 5, 6, 19, false, 'ctaborrex', '2018-04-08', 'blepopex', '2018-05-28', 1);
-- insert into ORDER_ITEM  (ID, CODE, DESCRIPTION, NAME, POINTS, PRICE, REQUIREMENT_POINTS, NUMBER, ORDER_ID, PRODUCT_ID, IS_ACTIVE, CREATED_BY, CREATED_ON, EDITED_BY, EDITED_ON, VERSION) values (500 + 35, '6062', 'Excision of Glossopharyngeal Nerve, Percutaneous Approach, Diagnostic', 'Solarbreeze', 2, 13725, 2, 6, 25, 44, true, 'gmcettricky', '2017-09-11', 'lsmedleyy', '2018-03-20', 1);
-- insert into ORDER_ITEM  (ID, CODE, DESCRIPTION, NAME, POINTS, PRICE, REQUIREMENT_POINTS, NUMBER, ORDER_ID, PRODUCT_ID, IS_ACTIVE, CREATED_BY, CREATED_ON, EDITED_BY, EDITED_ON, VERSION) values (500 + 36, '0296', 'Occlusion of Left Face Vein with Extraluminal Device, Open Approach', 'Flowdesk', 1, 44120, 2, 2, 24, 8, true, 'dkeplingz', '2017-12-07', 'amervynz', '2018-08-14', 2);
-- insert into ORDER_ITEM  (ID, CODE, DESCRIPTION, NAME, POINTS, PRICE, REQUIREMENT_POINTS, NUMBER, ORDER_ID, PRODUCT_ID, IS_ACTIVE, CREATED_BY, CREATED_ON, EDITED_BY, EDITED_ON, VERSION) values (500 + 37, '9651', 'Measurement of Biliary Pressure, Via Natural or Artificial Opening', 'Regrant', 5, 12802, 5, 7, 17, 48, false, 'cconeley10', '2018-05-04', 'gcrux10', '2017-12-22', 3);
-- insert into ORDER_ITEM  (ID, CODE, DESCRIPTION, NAME, POINTS, PRICE, REQUIREMENT_POINTS, NUMBER, ORDER_ID, PRODUCT_ID, IS_ACTIVE, CREATED_BY, CREATED_ON, EDITED_BY, EDITED_ON, VERSION) values (500 + 38, '5159', 'Bypass Thoracic Aorta, Ascending/Arch to Pulmonary Trunk with Autologous Arterial Tissue, Percutaneous Endoscopic Approach', 'Andalax', 2, 16085, 3, 6, 16, 10, false, 'fpoundesford11', '2017-11-02', 'betoile11', '2018-02-19', 3);
-- insert into ORDER_ITEM  (ID, CODE, DESCRIPTION, NAME, POINTS, PRICE, REQUIREMENT_POINTS, NUMBER, ORDER_ID, PRODUCT_ID, IS_ACTIVE, CREATED_BY, CREATED_ON, EDITED_BY, EDITED_ON, VERSION) values (500 + 39, '9954', 'Release Perineum Bursa and Ligament, Open Approach', 'Regrant', 4, 49528, 1, 9, 25, 2, false, 'pziebart12', '2018-06-07', 'ltavener12', '2017-10-04', 2);
-- insert into ORDER_ITEM  (ID, CODE, DESCRIPTION, NAME, POINTS, PRICE, REQUIREMENT_POINTS, NUMBER, ORDER_ID, PRODUCT_ID, IS_ACTIVE, CREATED_BY, CREATED_ON, EDITED_BY, EDITED_ON, VERSION) values (500 + 40, '9309', 'Extirpation of Matter from Left Hand Artery, Bifurcation, Open Approach', 'Andalax', 5, 17851, 5, 2, 26, 16, true, 'hpirrey13', '2017-09-08', 'lclemendot13', '2017-11-28', 3);
-- insert into ORDER_ITEM  (ID, CODE, DESCRIPTION, NAME, POINTS, PRICE, REQUIREMENT_POINTS, NUMBER, ORDER_ID, PRODUCT_ID, IS_ACTIVE, CREATED_BY, CREATED_ON, EDITED_BY, EDITED_ON, VERSION) values (500 + 41, '9734', 'Planar Nuclear Medicine Imaging of Chest and Neck using Thallium 201 (Tl-201)', 'Sonsing', 5, 31060, 4, 8, 25, 37, false, 'kdymond14', '2018-03-22', 'agoodered14', '2017-10-10', 3);
-- insert into ORDER_ITEM  (ID, CODE, DESCRIPTION, NAME, POINTS, PRICE, REQUIREMENT_POINTS, NUMBER, ORDER_ID, PRODUCT_ID, IS_ACTIVE, CREATED_BY, CREATED_ON, EDITED_BY, EDITED_ON, VERSION) values (500 + 42, '715', 'Release Pancreatic Duct, Via Natural or Artificial Opening', 'Opela', 5, 22822, 2, 9, 15, 40, true, 'dmalmar15', '2017-12-21', 'tazema15', '2018-05-24', 2);
-- insert into ORDER_ITEM  (ID, CODE, DESCRIPTION, NAME, POINTS, PRICE, REQUIREMENT_POINTS, NUMBER, ORDER_ID, PRODUCT_ID, IS_ACTIVE, CREATED_BY, CREATED_ON, EDITED_BY, EDITED_ON, VERSION) values (500 + 43, '5464', 'Removal of Drainage Device from Cranial Nerve, Open Approach', 'Span', 4, 37756, 3, 10, 9, 5, false, 'dbeckson16', '2017-12-02', 'llyttle16', '2018-06-05', 2);
-- insert into ORDER_ITEM  (ID, CODE, DESCRIPTION, NAME, POINTS, PRICE, REQUIREMENT_POINTS, NUMBER, ORDER_ID, PRODUCT_ID, IS_ACTIVE, CREATED_BY, CREATED_ON, EDITED_BY, EDITED_ON, VERSION) values (500 + 44, '9997', 'Repair Right Humeral Head, Open Approach', 'Latlux', 5, 48558, 3, 10, 19, 41, false, 'lwindridge17', '2018-04-22', 'cstanyer17', '2018-04-14', 2);
-- insert into ORDER_ITEM  (ID, CODE, DESCRIPTION, NAME, POINTS, PRICE, REQUIREMENT_POINTS, NUMBER, ORDER_ID, PRODUCT_ID, IS_ACTIVE, CREATED_BY, CREATED_ON, EDITED_BY, EDITED_ON, VERSION) values (500 + 45, '3988', 'Occlusion of Right Vertebral Artery with Bioactive Intraluminal Device, Percutaneous Endoscopic Approach', 'Job', 4, 43849, 5, 3, 5, 37, true, 'fchilde18', '2018-05-19', 'lbabalola18', '2018-01-06', 2);
-- insert into ORDER_ITEM  (ID, CODE, DESCRIPTION, NAME, POINTS, PRICE, REQUIREMENT_POINTS, NUMBER, ORDER_ID, PRODUCT_ID, IS_ACTIVE, CREATED_BY, CREATED_ON, EDITED_BY, EDITED_ON, VERSION) values (500 + 46, '9721', 'Plain Radiography of Portal and Splanchnic Veins using Other Contrast', 'Redhold', 3, 14665, 5, 4, 7, 48, true, 'ktrowill19', '2017-10-18', 'pcasetti19', '2018-03-24', 2);
-- insert into ORDER_ITEM  (ID, CODE, DESCRIPTION, NAME, POINTS, PRICE, REQUIREMENT_POINTS, NUMBER, ORDER_ID, PRODUCT_ID, IS_ACTIVE, CREATED_BY, CREATED_ON, EDITED_BY, EDITED_ON, VERSION) values (500 + 47, '3223', 'Introduction of Other Diagnostic Substance into Genitourinary Tract, Via Natural or Artificial Opening Endoscopic', 'Stringtough', 1, 29052, 5, 6, 6, 34, false, 'glaxen1a', '2018-05-08', 'bblunderfield1a', '2017-10-11', 2);
-- insert into ORDER_ITEM  (ID, CODE, DESCRIPTION, NAME, POINTS, PRICE, REQUIREMENT_POINTS, NUMBER, ORDER_ID, PRODUCT_ID, IS_ACTIVE, CREATED_BY, CREATED_ON, EDITED_BY, EDITED_ON, VERSION) values (500 + 48, '2551', 'Bypass Left Common Iliac Artery to Bilateral Femoral Arteries, Percutaneous Endoscopic Approach', 'Fintone', 3, 12773, 2, 3, 12, 8, true, 'kbeer1b', '2018-07-01', 'bwhittier1b', '2017-12-29', 1);
-- insert into ORDER_ITEM  (ID, CODE, DESCRIPTION, NAME, POINTS, PRICE, REQUIREMENT_POINTS, NUMBER, ORDER_ID, PRODUCT_ID, IS_ACTIVE, CREATED_BY, CREATED_ON, EDITED_BY, EDITED_ON, VERSION) values (500 + 49, '3726', 'Bypass Gastric Vein to Lower Vein with Autologous Venous Tissue, Percutaneous Endoscopic Approach', 'Alphazap', 2, 34900, 3, 2, 4, 32, true, 'ddiclaudio1c', '2017-10-25', 'lcheston1c', '2018-04-29', 1);
-- insert into ORDER_ITEM  (ID, CODE, DESCRIPTION, NAME, POINTS, PRICE, REQUIREMENT_POINTS, NUMBER, ORDER_ID, PRODUCT_ID, IS_ACTIVE, CREATED_BY, CREATED_ON, EDITED_BY, EDITED_ON, VERSION) values (500 + 50, '9232', 'Revision of Intraluminal Device in Upper Intestinal Tract, Percutaneous Approach', 'Prodder', 3, 35648, 5, 7, 2, 16, true, 'oelliot1d', '2018-07-01', 'jboeter1d', '2018-01-15', 3);
-- insert into ORDER_ITEM  (ID, CODE, DESCRIPTION, NAME, POINTS, PRICE, REQUIREMENT_POINTS, NUMBER, ORDER_ID, PRODUCT_ID, IS_ACTIVE, CREATED_BY, CREATED_ON, EDITED_BY, EDITED_ON, VERSION) values (500 + 51, '9131', 'Revision of Autologous Tissue Substitute in Right Wrist Joint, Percutaneous Approach', 'Prodder', 4, 22840, 5, 1, 1, 15, true, 'cswift1e', '2018-02-16', 'rlicas1e', '2018-06-06', 2);
-- insert into ORDER_ITEM  (ID, CODE, DESCRIPTION, NAME, POINTS, PRICE, REQUIREMENT_POINTS, NUMBER, ORDER_ID, PRODUCT_ID, IS_ACTIVE, CREATED_BY, CREATED_ON, EDITED_BY, EDITED_ON, VERSION) values (500 + 52, '1711', 'Supplement Left Sternoclavicular Joint with Nonautologous Tissue Substitute, Percutaneous Endoscopic Approach', 'Solarbreeze', 4, 21165, 5, 7, 19, 10, false, 'etookill1f', '2018-07-18', 'skarle1f', '2017-12-30', 3);
-- insert into ORDER_ITEM  (ID, CODE, DESCRIPTION, NAME, POINTS, PRICE, REQUIREMENT_POINTS, NUMBER, ORDER_ID, PRODUCT_ID, IS_ACTIVE, CREATED_BY, CREATED_ON, EDITED_BY, EDITED_ON, VERSION) values (500 + 53, '9929', 'Supplement Cervicothoracic Vertebral Disc with Nonautologous Tissue Substitute, Percutaneous Endoscopic Approach', 'Lotstring', 1, 17911, 5, 2, 3, 3, true, 'hguerri1g', '2018-06-02', 'mgowdy1g', '2018-02-05', 1);
-- insert into ORDER_ITEM  (ID, CODE, DESCRIPTION, NAME, POINTS, PRICE, REQUIREMENT_POINTS, NUMBER, ORDER_ID, PRODUCT_ID, IS_ACTIVE, CREATED_BY, CREATED_ON, EDITED_BY, EDITED_ON, VERSION) values (500 + 54, '0065', 'Occlusion of Left Internal Carotid Artery, Open Approach', 'Daltfresh', 4, 38074, 2, 1, 6, 26, true, 'trisebrow1h', '2018-08-16', 'kiley1h', '2018-08-25', 1);
-- insert into ORDER_ITEM  (ID, CODE, DESCRIPTION, NAME, POINTS, PRICE, REQUIREMENT_POINTS, NUMBER, ORDER_ID, PRODUCT_ID, IS_ACTIVE, CREATED_BY, CREATED_ON, EDITED_BY, EDITED_ON, VERSION) values (500 + 55, '0405', 'Low Dose Rate (LDR) Brachytherapy of Cervix using Iodine 125 (I-125)', 'Konklux', 3, 29863, 3, 2, 16, 17, false, 'jbroxton1i', '2017-12-26', 'smcminn1i', '2018-08-02', 2);
-- insert into ORDER_ITEM  (ID, CODE, DESCRIPTION, NAME, POINTS, PRICE, REQUIREMENT_POINTS, NUMBER, ORDER_ID, PRODUCT_ID, IS_ACTIVE, CREATED_BY, CREATED_ON, EDITED_BY, EDITED_ON, VERSION) values (500 + 56, '4976', 'Release Left Subclavian Artery, Open Approach', 'Cardguard', 3, 35462, 1, 1, 27, 43, true, 'sglassborow1j', '2018-02-03', 'vmohun1j', '2018-04-12', 2);
-- insert into ORDER_ITEM  (ID, CODE, DESCRIPTION, NAME, POINTS, PRICE, REQUIREMENT_POINTS, NUMBER, ORDER_ID, PRODUCT_ID, IS_ACTIVE, CREATED_BY, CREATED_ON, EDITED_BY, EDITED_ON, VERSION) values (500 + 57, '9422', 'Transfer Left Ankle Tendon, Percutaneous Endoscopic Approach', 'Wrapsafe', 1, 15334, 1, 10, 22, 43, true, 'lnethercott1k', '2018-02-16', 'fpear1k', '2018-04-17', 2);
-- insert into ORDER_ITEM  (ID, CODE, DESCRIPTION, NAME, POINTS, PRICE, REQUIREMENT_POINTS, NUMBER, ORDER_ID, PRODUCT_ID, IS_ACTIVE, CREATED_BY, CREATED_ON, EDITED_BY, EDITED_ON, VERSION) values (500 + 58, '5999', 'Supplement Right Ulna with Nonautologous Tissue Substitute, Open Approach', 'Prodder', 3, 23480, 3, 8, 13, 12, true, 'dlidstone1l', '2017-09-04', 'mtomkys1l', '2017-11-21', 2);
-- insert into ORDER_ITEM  (ID, CODE, DESCRIPTION, NAME, POINTS, PRICE, REQUIREMENT_POINTS, NUMBER, ORDER_ID, PRODUCT_ID, IS_ACTIVE, CREATED_BY, CREATED_ON, EDITED_BY, EDITED_ON, VERSION) values (500 + 59, '3220', 'Removal of Autologous Tissue Substitute from Cervicothoracic Vertebral Disc, Percutaneous Endoscopic Approach', 'Quo Lux', 1, 23273, 4, 4, 1, 29, true, 'ccornilli1m', '2018-05-01', 'pwibberley1m', '2018-02-20', 3);
-- insert into ORDER_ITEM  (ID, CODE, DESCRIPTION, NAME, POINTS, PRICE, REQUIREMENT_POINTS, NUMBER, ORDER_ID, PRODUCT_ID, IS_ACTIVE, CREATED_BY, CREATED_ON, EDITED_BY, EDITED_ON, VERSION) values (500 + 60, '7998', 'Planar Nuclear Medicine Imaging of Pelvic Region using Gallium 67 (Ga-67)', 'Home Ing', 1, 31872, 4, 5, 7, 7, false, 'jsherbrooke1n', '2018-05-28', 'ashelvey1n', '2017-12-01', 1);
-- insert into ORDER_ITEM  (ID, CODE, DESCRIPTION, NAME, POINTS, PRICE, REQUIREMENT_POINTS, NUMBER, ORDER_ID, PRODUCT_ID, IS_ACTIVE, CREATED_BY, CREATED_ON, EDITED_BY, EDITED_ON, VERSION) values (500 + 61, '5794', 'Division of Left Hip Tendon, Open Approach', 'Job', 2, 5527, 3, 7, 14, 6, true, 'wfissenden1o', '2017-10-04', 'bhammarberg1o', '2017-09-08', 1);
-- insert into ORDER_ITEM  (ID, CODE, DESCRIPTION, NAME, POINTS, PRICE, REQUIREMENT_POINTS, NUMBER, ORDER_ID, PRODUCT_ID, IS_ACTIVE, CREATED_BY, CREATED_ON, EDITED_BY, EDITED_ON, VERSION) values (500 + 62, '6492', 'Insertion of Internal Fixation Device into Left Shoulder Joint, Open Approach', 'Lotlux', 4, 5485, 5, 3, 26, 11, true, 'tebsworth1p', '2018-02-20', 'arosetti1p', '2018-07-30', 3);
-- insert into ORDER_ITEM  (ID, CODE, DESCRIPTION, NAME, POINTS, PRICE, REQUIREMENT_POINTS, NUMBER, ORDER_ID, PRODUCT_ID, IS_ACTIVE, CREATED_BY, CREATED_ON, EDITED_BY, EDITED_ON, VERSION) values (500 + 63, '4233', 'Removal of Infusion Device from Right Eye, Percutaneous Approach', 'Vagram', 3, 13159, 4, 3, 15, 15, true, 'vremer1q', '2018-03-28', 'awiszniewski1q', '2018-07-19', 1);
-- insert into ORDER_ITEM  (ID, CODE, DESCRIPTION, NAME, POINTS, PRICE, REQUIREMENT_POINTS, NUMBER, ORDER_ID, PRODUCT_ID, IS_ACTIVE, CREATED_BY, CREATED_ON, EDITED_BY, EDITED_ON, VERSION) values (500 + 64, '6594', 'Beam Radiation of Ureter using Electrons', 'Prodder', 3, 28281, 1, 3, 25, 39, false, 'dstener1r', '2018-07-10', 'sping1r', '2018-04-15', 2);
-- insert into ORDER_ITEM  (ID, CODE, DESCRIPTION, NAME, POINTS, PRICE, REQUIREMENT_POINTS, NUMBER, ORDER_ID, PRODUCT_ID, IS_ACTIVE, CREATED_BY, CREATED_ON, EDITED_BY, EDITED_ON, VERSION) values (500 + 65, '3726', 'Supplement Left Lacrimal Duct with Synthetic Substitute, Via Natural or Artificial Opening', 'Gembucket', 4, 44455, 2, 6, 1, 4, true, 'apaddell1s', '2018-05-14', 'jgumm1s', '2018-01-20', 1);
-- insert into ORDER_ITEM  (ID, CODE, DESCRIPTION, NAME, POINTS, PRICE, REQUIREMENT_POINTS, NUMBER, ORDER_ID, PRODUCT_ID, IS_ACTIVE, CREATED_BY, CREATED_ON, EDITED_BY, EDITED_ON, VERSION) values (500 + 66, '5189', 'Bypass Inferior Vena Cava to Inferior Mesenteric Vein with Autologous Venous Tissue, Percutaneous Endoscopic Approach', 'Bamity', 5, 11894, 5, 1, 17, 16, false, 'rdavidwitz1t', '2018-05-22', 'lmaysor1t', '2018-02-21', 3);
-- insert into ORDER_ITEM  (ID, CODE, DESCRIPTION, NAME, POINTS, PRICE, REQUIREMENT_POINTS, NUMBER, ORDER_ID, PRODUCT_ID, IS_ACTIVE, CREATED_BY, CREATED_ON, EDITED_BY, EDITED_ON, VERSION) values (500 + 67, '3785', 'Removal of Synthetic Substitute from Right Scapula, Percutaneous Approach', 'Otcom', 2, 5658, 5, 10, 12, 45, true, 'msutherland1u', '2018-03-14', 'marman1u', '2018-03-07', 2);
-- insert into ORDER_ITEM  (ID, CODE, DESCRIPTION, NAME, POINTS, PRICE, REQUIREMENT_POINTS, NUMBER, ORDER_ID, PRODUCT_ID, IS_ACTIVE, CREATED_BY, CREATED_ON, EDITED_BY, EDITED_ON, VERSION) values (500 + 68, '3532', 'Replacement of Nose with Nonautologous Tissue Substitute, Open Approach', 'Alphazap', 4, 27064, 4, 6, 3, 46, true, 'hcollington1v', '2018-05-16', 'hcorsar1v', '2018-03-18', 1);
-- insert into ORDER_ITEM  (ID, CODE, DESCRIPTION, NAME, POINTS, PRICE, REQUIREMENT_POINTS, NUMBER, ORDER_ID, PRODUCT_ID, IS_ACTIVE, CREATED_BY, CREATED_ON, EDITED_BY, EDITED_ON, VERSION) values (500 + 69, '0651', 'Plain Radiography of Right Renal Vein using High Osmolar Contrast', 'Andalax', 2, 43138, 4, 9, 15, 10, true, 'tmaunder1w', '2018-01-21', 'ghollyman1w', '2018-08-28', 2);
-- insert into ORDER_ITEM  (ID, CODE, DESCRIPTION, NAME, POINTS, PRICE, REQUIREMENT_POINTS, NUMBER, ORDER_ID, PRODUCT_ID, IS_ACTIVE, CREATED_BY, CREATED_ON, EDITED_BY, EDITED_ON, VERSION) values (500 + 70, '0015', 'Beam Radiation of Mediastinum using Neutrons', 'Veribet', 4, 23140, 3, 9, 17, 24, false, 'svossgen1x', '2018-06-20', 'lwerndly1x', '2018-04-29', 1);
-- insert into ORDER_ITEM  (ID, CODE, DESCRIPTION, NAME, POINTS, PRICE, REQUIREMENT_POINTS, NUMBER, ORDER_ID, PRODUCT_ID, IS_ACTIVE, CREATED_BY, CREATED_ON, EDITED_BY, EDITED_ON, VERSION) values (500 + 71, '0631', 'Restriction of Left Colic Artery with Intraluminal Device, Percutaneous Approach', 'Holdlamis', 4, 25395, 1, 1, 11, 1, true, 'nboyle1y', '2018-05-06', 'tolman1y', '2018-06-26', 1);
-- insert into ORDER_ITEM  (ID, CODE, DESCRIPTION, NAME, POINTS, PRICE, REQUIREMENT_POINTS, NUMBER, ORDER_ID, PRODUCT_ID, IS_ACTIVE, CREATED_BY, CREATED_ON, EDITED_BY, EDITED_ON, VERSION) values (500 + 72, '5799', 'Dilation of Right Internal Jugular Vein with Intraluminal Device, Open Approach', 'Tresom', 1, 9388, 1, 10, 6, 29, false, 'ddillon1z', '2017-10-04', 'takram1z', '2018-03-24', 3);
-- insert into ORDER_ITEM  (ID, CODE, DESCRIPTION, NAME, POINTS, PRICE, REQUIREMENT_POINTS, NUMBER, ORDER_ID, PRODUCT_ID, IS_ACTIVE, CREATED_BY, CREATED_ON, EDITED_BY, EDITED_ON, VERSION) values (500 + 73, '3893', 'Release Sacral Plexus, Open Approach', 'Fintone', 5, 38674, 1, 9, 11, 18, false, 'mleist20', '2017-09-22', 'cgrelka20', '2017-09-22', 2);
-- insert into ORDER_ITEM  (ID, CODE, DESCRIPTION, NAME, POINTS, PRICE, REQUIREMENT_POINTS, NUMBER, ORDER_ID, PRODUCT_ID, IS_ACTIVE, CREATED_BY, CREATED_ON, EDITED_BY, EDITED_ON, VERSION) values (500 + 74, '3989', 'Removal of External Fixation Device from Left Carpal, External Approach', 'Daltfresh', 1, 17529, 1, 8, 19, 47, false, 'nleale21', '2018-07-29', 'lbeddows21', '2018-03-21', 2);
-- insert into ORDER_ITEM  (ID, CODE, DESCRIPTION, NAME, POINTS, PRICE, REQUIREMENT_POINTS, NUMBER, ORDER_ID, PRODUCT_ID, IS_ACTIVE, CREATED_BY, CREATED_ON, EDITED_BY, EDITED_ON, VERSION) values (500 + 75, '8696', 'Dilation of Left Subclavian Artery, Bifurcation, with Two Intraluminal Devices, Percutaneous Approach', 'Vagram', 3, 9800, 5, 10, 1, 37, true, 'dcaen22', '2017-11-09', 'czanutti22', '2018-03-15', 3);
-- insert into ORDER_ITEM  (ID, CODE, DESCRIPTION, NAME, POINTS, PRICE, REQUIREMENT_POINTS, NUMBER, ORDER_ID, PRODUCT_ID, IS_ACTIVE, CREATED_BY, CREATED_ON, EDITED_BY, EDITED_ON, VERSION) values (500 + 76, '4222', 'Drainage of Right Upper Arm Skin, External Approach', 'Matsoft', 1, 35345, 4, 5, 9, 30, false, 'ldebold23', '2018-01-06', 'jditchfield23', '2017-11-24', 2);
-- insert into ORDER_ITEM  (ID, CODE, DESCRIPTION, NAME, POINTS, PRICE, REQUIREMENT_POINTS, NUMBER, ORDER_ID, PRODUCT_ID, IS_ACTIVE, CREATED_BY, CREATED_ON, EDITED_BY, EDITED_ON, VERSION) values (500 + 77, '9769', 'Irrigation of Skin and Mucous Membranes using Irrigating Substance, Diagnostic', 'Keylex', 1, 32833, 1, 2, 1, 20, true, 'nedgington24', '2018-04-30', 'scolqueran24', '2017-11-25', 2);
-- insert into ORDER_ITEM  (ID, CODE, DESCRIPTION, NAME, POINTS, PRICE, REQUIREMENT_POINTS, NUMBER, ORDER_ID, PRODUCT_ID, IS_ACTIVE, CREATED_BY, CREATED_ON, EDITED_BY, EDITED_ON, VERSION) values (500 + 78, '8904', 'Release Occipital-cervical Joint, Open Approach', 'Matsoft', 4, 23740, 3, 2, 3, 6, false, 'rlomasny25', '2018-01-15', 'jesmond25', '2018-01-29', 1);
-- insert into ORDER_ITEM  (ID, CODE, DESCRIPTION, NAME, POINTS, PRICE, REQUIREMENT_POINTS, NUMBER, ORDER_ID, PRODUCT_ID, IS_ACTIVE, CREATED_BY, CREATED_ON, EDITED_BY, EDITED_ON, VERSION) values (500 + 79, '9901', 'Inspection of Left Lower Arm, Percutaneous Endoscopic Approach', 'Trippledex', 2, 11042, 3, 6, 15, 4, true, 'strumper26', '2018-08-17', 'ecaldwall26', '2018-04-08', 3);
-- insert into ORDER_ITEM  (ID, CODE, DESCRIPTION, NAME, POINTS, PRICE, REQUIREMENT_POINTS, NUMBER, ORDER_ID, PRODUCT_ID, IS_ACTIVE, CREATED_BY, CREATED_ON, EDITED_BY, EDITED_ON, VERSION) values (500 + 80, '1365', 'Beam Radiation of Rib(s) using Photons >10 MeV', 'Stronghold', 2, 24118, 2, 9, 20, 16, false, 'tlampens27', '2018-04-11', 'manstiss27', '2018-07-27', 3);
-- insert into ORDER_ITEM  (ID, CODE, DESCRIPTION, NAME, POINTS, PRICE, REQUIREMENT_POINTS, NUMBER, ORDER_ID, PRODUCT_ID, IS_ACTIVE, CREATED_BY, CREATED_ON, EDITED_BY, EDITED_ON, VERSION) values (500 + 81, '6661', 'Reposition Right Humeral Head with External Fixation Device, Percutaneous Approach', 'Biodex', 5, 36597, 5, 4, 26, 18, true, 'tpennone28', '2017-11-20', 'adunk28', '2018-03-18', 1);
-- insert into ORDER_ITEM  (ID, CODE, DESCRIPTION, NAME, POINTS, PRICE, REQUIREMENT_POINTS, NUMBER, ORDER_ID, PRODUCT_ID, IS_ACTIVE, CREATED_BY, CREATED_ON, EDITED_BY, EDITED_ON, VERSION) values (500 + 82, '7986', 'Fusion of Left Wrist Joint with Nonautologous Tissue Substitute, Open Approach', 'Keylex', 5, 44957, 1, 7, 25, 29, false, 'svanrembrandt29', '2017-10-17', 'lbeasant29', '2018-06-04', 1);
-- insert into ORDER_ITEM  (ID, CODE, DESCRIPTION, NAME, POINTS, PRICE, REQUIREMENT_POINTS, NUMBER, ORDER_ID, PRODUCT_ID, IS_ACTIVE, CREATED_BY, CREATED_ON, EDITED_BY, EDITED_ON, VERSION) values (500 + 83, '7904', 'Revision of Spacer in Right Finger Phalangeal Joint, Percutaneous Approach', 'Cookley', 4, 7070, 3, 6, 13, 47, false, 'hashdown2a', '2018-06-30', 'cmanchester2a', '2018-02-21', 2);
-- insert into ORDER_ITEM  (ID, CODE, DESCRIPTION, NAME, POINTS, PRICE, REQUIREMENT_POINTS, NUMBER, ORDER_ID, PRODUCT_ID, IS_ACTIVE, CREATED_BY, CREATED_ON, EDITED_BY, EDITED_ON, VERSION) values (500 + 84, '4542', 'Bypass Innominate Artery to Left Extracranial Artery with Autologous Venous Tissue, Open Approach', 'Domainer', 5, 42788, 5, 10, 20, 47, true, 'hdhennin2b', '2017-12-15', 'mearl2b', '2018-06-08', 3);
-- insert into ORDER_ITEM  (ID, CODE, DESCRIPTION, NAME, POINTS, PRICE, REQUIREMENT_POINTS, NUMBER, ORDER_ID, PRODUCT_ID, IS_ACTIVE, CREATED_BY, CREATED_ON, EDITED_BY, EDITED_ON, VERSION) values (500 + 85, '9106', 'Revision of Radioactive Element in Mouth and Throat, External Approach', 'Ronstring', 2, 37543, 1, 9, 17, 12, false, 'gloxston2c', '2018-08-27', 'shearsum2c', '2018-03-19', 1);
-- insert into ORDER_ITEM  (ID, CODE, DESCRIPTION, NAME, POINTS, PRICE, REQUIREMENT_POINTS, NUMBER, ORDER_ID, PRODUCT_ID, IS_ACTIVE, CREATED_BY, CREATED_ON, EDITED_BY, EDITED_ON, VERSION) values (500 + 86, '9945', 'Dilation of Right Anterior Tibial Artery with Intraluminal Device, Percutaneous Approach', 'Sonair', 3, 12842, 4, 6, 4, 7, true, 'mmerricks2d', '2017-12-08', 'rganderton2d', '2017-09-02', 3);
-- insert into ORDER_ITEM  (ID, CODE, DESCRIPTION, NAME, POINTS, PRICE, REQUIREMENT_POINTS, NUMBER, ORDER_ID, PRODUCT_ID, IS_ACTIVE, CREATED_BY, CREATED_ON, EDITED_BY, EDITED_ON, VERSION) values (500 + 87, '5787', 'Pheresis of Erythrocytes, Single', 'Prodder', 2, 28857, 4, 4, 27, 13, true, 'btrenbay2e', '2018-05-07', 'gfoystone2e', '2018-01-20', 3);
-- insert into ORDER_ITEM  (ID, CODE, DESCRIPTION, NAME, POINTS, PRICE, REQUIREMENT_POINTS, NUMBER, ORDER_ID, PRODUCT_ID, IS_ACTIVE, CREATED_BY, CREATED_ON, EDITED_BY, EDITED_ON, VERSION) values (500 + 88, '4939', 'Isotope Administration to Whole Body using Phosphorus 32 (P-32)', 'Viva', 2, 14593, 3, 1, 18, 35, false, 'vsplevin2f', '2017-11-19', 'fwainscot2f', '2017-10-07', 2);
-- insert into ORDER_ITEM  (ID, CODE, DESCRIPTION, NAME, POINTS, PRICE, REQUIREMENT_POINTS, NUMBER, ORDER_ID, PRODUCT_ID, IS_ACTIVE, CREATED_BY, CREATED_ON, EDITED_BY, EDITED_ON, VERSION) values (500 + 89, '5013', 'Removal of Radioactive Element from Chest Wall, External Approach', 'Y-find', 1, 27430, 1, 10, 14, 28, true, 'lwince2g', '2017-12-09', 'kcovino2g', '2018-04-22', 3);
-- insert into ORDER_ITEM  (ID, CODE, DESCRIPTION, NAME, POINTS, PRICE, REQUIREMENT_POINTS, NUMBER, ORDER_ID, PRODUCT_ID, IS_ACTIVE, CREATED_BY, CREATED_ON, EDITED_BY, EDITED_ON, VERSION) values (500 + 90, '0889', 'Repair Right Renal Vein, Percutaneous Approach', 'Aerified', 3, 47664, 3, 2, 17, 7, false, 'acharrette2h', '2017-12-27', 'hsieve2h', '2018-08-15', 2);
-- insert into ORDER_ITEM  (ID, CODE, DESCRIPTION, NAME, POINTS, PRICE, REQUIREMENT_POINTS, NUMBER, ORDER_ID, PRODUCT_ID, IS_ACTIVE, CREATED_BY, CREATED_ON, EDITED_BY, EDITED_ON, VERSION) values (500 + 91, '1519', 'Drainage of Right Vocal Cord, Open Approach, Diagnostic', 'Zoolab', 2, 15066, 5, 9, 6, 11, true, 'tragbourne2i', '2018-03-21', 'memms2i', '2017-12-27', 2);
-- insert into ORDER_ITEM  (ID, CODE, DESCRIPTION, NAME, POINTS, PRICE, REQUIREMENT_POINTS, NUMBER, ORDER_ID, PRODUCT_ID, IS_ACTIVE, CREATED_BY, CREATED_ON, EDITED_BY, EDITED_ON, VERSION) values (500 + 92, '0053', 'Revision of Radioactive Element in Male Perineum, Open Approach', 'Alpha', 2, 46545, 5, 5, 16, 32, false, 'nlachaize2j', '2018-07-20', 'fcorragan2j', '2017-12-03', 1);
-- insert into ORDER_ITEM  (ID, CODE, DESCRIPTION, NAME, POINTS, PRICE, REQUIREMENT_POINTS, NUMBER, ORDER_ID, PRODUCT_ID, IS_ACTIVE, CREATED_BY, CREATED_ON, EDITED_BY, EDITED_ON, VERSION) values (500 + 93, '7934', 'Destruction of Bilateral Fallopian Tubes, Open Approach', 'Stringtough', 1, 46480, 1, 5, 6, 46, true, 'ihamsley2k', '2017-10-05', 'hmathelin2k', '2018-07-02', 2);
-- insert into ORDER_ITEM  (ID, CODE, DESCRIPTION, NAME, POINTS, PRICE, REQUIREMENT_POINTS, NUMBER, ORDER_ID, PRODUCT_ID, IS_ACTIVE, CREATED_BY, CREATED_ON, EDITED_BY, EDITED_ON, VERSION) values (500 + 94, '8374', 'Release Left Lower Extremity Bursa and Ligament, Open Approach', 'Otcom', 4, 42774, 1, 8, 18, 27, false, 'hheelis2l', '2018-05-07', 'ltoffel2l', '2018-01-23', 1);
-- insert into ORDER_ITEM  (ID, CODE, DESCRIPTION, NAME, POINTS, PRICE, REQUIREMENT_POINTS, NUMBER, ORDER_ID, PRODUCT_ID, IS_ACTIVE, CREATED_BY, CREATED_ON, EDITED_BY, EDITED_ON, VERSION) values (500 + 95, '8232', 'Drainage of Middle Colic Artery with Drainage Device, Percutaneous Approach', 'Solarbreeze', 1, 14203, 5, 5, 14, 18, true, 'gmounsie2m', '2018-01-19', 'pfilippo2m', '2017-09-10', 2);
-- insert into ORDER_ITEM  (ID, CODE, DESCRIPTION, NAME, POINTS, PRICE, REQUIREMENT_POINTS, NUMBER, ORDER_ID, PRODUCT_ID, IS_ACTIVE, CREATED_BY, CREATED_ON, EDITED_BY, EDITED_ON, VERSION) values (500 + 96, '9389', 'Drainage of Colic Vein, Percutaneous Approach', 'Sub-Ex', 2, 38745, 1, 4, 5, 37, false, 'sstrand2n', '2018-02-22', 'brobbe2n', '2017-10-20', 1);
-- insert into ORDER_ITEM  (ID, CODE, DESCRIPTION, NAME, POINTS, PRICE, REQUIREMENT_POINTS, NUMBER, ORDER_ID, PRODUCT_ID, IS_ACTIVE, CREATED_BY, CREATED_ON, EDITED_BY, EDITED_ON, VERSION) values (500 + 97, '6509', 'Occlusion of Left Internal Mammary Lymphatic with Intraluminal Device, Percutaneous Endoscopic Approach', 'Namfix', 4, 24803, 1, 1, 18, 39, false, 'emahy2o', '2017-10-28', 'dmusla2o', '2018-02-19', 3);
-- insert into ORDER_ITEM  (ID, CODE, DESCRIPTION, NAME, POINTS, PRICE, REQUIREMENT_POINTS, NUMBER, ORDER_ID, PRODUCT_ID, IS_ACTIVE, CREATED_BY, CREATED_ON, EDITED_BY, EDITED_ON, VERSION) values (500 + 98, '9826', 'Replacement of Pancreatic Duct with Synthetic Substitute, Percutaneous Endoscopic Approach', 'Voltsillam', 1, 46675, 5, 5, 19, 14, false, 'gbicker2p', '2018-07-09', 'cthrush2p', '2017-12-11', 2);
-- insert into ORDER_ITEM  (ID, CODE, DESCRIPTION, NAME, POINTS, PRICE, REQUIREMENT_POINTS, NUMBER, ORDER_ID, PRODUCT_ID, IS_ACTIVE, CREATED_BY, CREATED_ON, EDITED_BY, EDITED_ON, VERSION) values (500 + 99, '8512', 'Occlusion of Splenic Vein, Open Approach', 'Mat Lam Tam', 1, 30125, 5, 1, 23, 15, true, 'cgamet2q', '2017-12-02', 'asloam2q', '2018-07-23', 1);
-- insert into ORDER_ITEM  (ID, CODE, DESCRIPTION, NAME, POINTS, PRICE, REQUIREMENT_POINTS, NUMBER, ORDER_ID, PRODUCT_ID, IS_ACTIVE, CREATED_BY, CREATED_ON, EDITED_BY, EDITED_ON, VERSION) values (500 + 100, '8484', 'Supplement Pericardium with Synthetic Substitute, Open Approach', 'Transcof', 2, 13432, 1, 4, 12, 26, true, 'cmongan2r', '2017-11-24', 'kconerding2r', '2017-11-30', 1);
-- insert into ORDER_ITEM  (ID, CODE, DESCRIPTION, NAME, POINTS, PRICE, REQUIREMENT_POINTS, NUMBER, ORDER_ID, PRODUCT_ID, IS_ACTIVE, CREATED_BY, CREATED_ON, EDITED_BY, EDITED_ON, VERSION) values (500 + 101, '2032', 'Beam Radiation of Liver using Photons <1 MeV', 'Tempsoft', 5, 7212, 3, 4, 4, 8, true, 'nohannen2s', '2017-10-07', 'acathro2s', '2018-01-24', 1);
-- insert into ORDER_ITEM  (ID, CODE, DESCRIPTION, NAME, POINTS, PRICE, REQUIREMENT_POINTS, NUMBER, ORDER_ID, PRODUCT_ID, IS_ACTIVE, CREATED_BY, CREATED_ON, EDITED_BY, EDITED_ON, VERSION) values (500 + 102, '0329', 'Reposition Carina, Open Approach', 'Fixflex', 1, 19769, 5, 8, 19, 8, false, 'uswadlinge2t', '2018-07-02', 'kclac2t', '2018-05-10', 1);
-- insert into ORDER_ITEM  (ID, CODE, DESCRIPTION, NAME, POINTS, PRICE, REQUIREMENT_POINTS, NUMBER, ORDER_ID, PRODUCT_ID, IS_ACTIVE, CREATED_BY, CREATED_ON, EDITED_BY, EDITED_ON, VERSION) values (500 + 103, '6629', 'Revision of Infusion Device in Left Carpal Joint, Open Approach', 'Opela', 5, 46899, 4, 9, 19, 32, false, 'fionn2u', '2018-07-14', 'hmacrory2u', '2017-10-25', 3);
-- insert into ORDER_ITEM  (ID, CODE, DESCRIPTION, NAME, POINTS, PRICE, REQUIREMENT_POINTS, NUMBER, ORDER_ID, PRODUCT_ID, IS_ACTIVE, CREATED_BY, CREATED_ON, EDITED_BY, EDITED_ON, VERSION) values (500 + 104, '4945', 'Drainage of Right Inner Ear, Open Approach', 'Prodder', 5, 10358, 3, 6, 11, 9, false, 'bdurram2v', '2017-10-28', 'ranglin2v', '2018-03-15', 3);
-- insert into ORDER_ITEM  (ID, CODE, DESCRIPTION, NAME, POINTS, PRICE, REQUIREMENT_POINTS, NUMBER, ORDER_ID, PRODUCT_ID, IS_ACTIVE, CREATED_BY, CREATED_ON, EDITED_BY, EDITED_ON, VERSION) values (500 + 105, '8106', 'Introduction of Analgesics, Hypnotics, Sedatives into Skin and Mucous Membranes, External Approach', 'Konklab', 5, 33655, 3, 9, 18, 43, true, 'lglantz2w', '2018-06-04', 'alewins2w', '2018-03-11', 1);
-- insert into ORDER_ITEM  (ID, CODE, DESCRIPTION, NAME, POINTS, PRICE, REQUIREMENT_POINTS, NUMBER, ORDER_ID, PRODUCT_ID, IS_ACTIVE, CREATED_BY, CREATED_ON, EDITED_BY, EDITED_ON, VERSION) values (500 + 106, '6952', 'Insertion of Infusion Device into Right Shoulder Joint, Open Approach', 'Cookley', 3, 34857, 4, 1, 11, 49, true, 'blambotin2x', '2017-12-31', 'clumby2x', '2017-10-20', 3);
-- insert into ORDER_ITEM  (ID, CODE, DESCRIPTION, NAME, POINTS, PRICE, REQUIREMENT_POINTS, NUMBER, ORDER_ID, PRODUCT_ID, IS_ACTIVE, CREATED_BY, CREATED_ON, EDITED_BY, EDITED_ON, VERSION) values (500 + 107, '2212', 'Occlusion of Accessory Pancreatic Duct with Intraluminal Device, Percutaneous Approach', 'Flexidy', 4, 14212, 2, 2, 24, 30, false, 'nwiddop2y', '2017-12-24', 'bcawkwell2y', '2017-09-28', 2);
-- insert into ORDER_ITEM  (ID, CODE, DESCRIPTION, NAME, POINTS, PRICE, REQUIREMENT_POINTS, NUMBER, ORDER_ID, PRODUCT_ID, IS_ACTIVE, CREATED_BY, CREATED_ON, EDITED_BY, EDITED_ON, VERSION) values (500 + 108, '9704', 'Bypass Lower Esophagus to Cutaneous with Synthetic Substitute, Percutaneous Approach', 'Quo Lux', 5, 12257, 4, 7, 30, 7, false, 'jharcourt2z', '2018-07-15', 'aboughtflower2z', '2017-12-22', 3);
-- insert into ORDER_ITEM  (ID, CODE, DESCRIPTION, NAME, POINTS, PRICE, REQUIREMENT_POINTS, NUMBER, ORDER_ID, PRODUCT_ID, IS_ACTIVE, CREATED_BY, CREATED_ON, EDITED_BY, EDITED_ON, VERSION) values (500 + 109, '9126', 'Replacement of Left Sphenoid Bone with Nonautologous Tissue Substitute, Percutaneous Endoscopic Approach', 'Trippledex', 5, 30861, 2, 8, 25, 8, true, 'jcalan30', '2017-10-14', 'dfilipyev30', '2018-02-25', 2);
-- insert into ORDER_ITEM  (ID, CODE, DESCRIPTION, NAME, POINTS, PRICE, REQUIREMENT_POINTS, NUMBER, ORDER_ID, PRODUCT_ID, IS_ACTIVE, CREATED_BY, CREATED_ON, EDITED_BY, EDITED_ON, VERSION) values (500 + 110, '4401', 'Destruction of Right Femoral Shaft, Open Approach', 'Andalax', 1, 24573, 1, 7, 25, 29, false, 'kkincade31', '2017-09-07', 'dandrelli31', '2018-01-02', 3);
-- insert into ORDER_ITEM  (ID, CODE, DESCRIPTION, NAME, POINTS, PRICE, REQUIREMENT_POINTS, NUMBER, ORDER_ID, PRODUCT_ID, IS_ACTIVE, CREATED_BY, CREATED_ON, EDITED_BY, EDITED_ON, VERSION) values (500 + 111, '7885', 'Excision of Right Choroid, Percutaneous Approach', 'Y-Solowarm', 4, 30176, 4, 3, 27, 16, false, 'mtampling32', '2017-10-28', 'dpoppleton32', '2017-10-23', 2);
-- insert into ORDER_ITEM  (ID, CODE, DESCRIPTION, NAME, POINTS, PRICE, REQUIREMENT_POINTS, NUMBER, ORDER_ID, PRODUCT_ID, IS_ACTIVE, CREATED_BY, CREATED_ON, EDITED_BY, EDITED_ON, VERSION) values (500 + 112, '8319', 'Supplement Left Temporal Artery with Nonautologous Tissue Substitute, Open Approach', 'Veribet', 3, 47806, 4, 6, 27, 41, true, 'cbifield33', '2018-05-07', 'msurgeoner33', '2018-01-21', 3);
-- insert into ORDER_ITEM  (ID, CODE, DESCRIPTION, NAME, POINTS, PRICE, REQUIREMENT_POINTS, NUMBER, ORDER_ID, PRODUCT_ID, IS_ACTIVE, CREATED_BY, CREATED_ON, EDITED_BY, EDITED_ON, VERSION) values (500 + 113, '9374', 'Excision of Upper Back, Percutaneous Endoscopic Approach', 'Treeflex', 5, 7237, 4, 2, 13, 7, true, 'osapauton34', '2018-01-21', 'rstanlack34', '2017-12-20', 1);
-- insert into ORDER_ITEM  (ID, CODE, DESCRIPTION, NAME, POINTS, PRICE, REQUIREMENT_POINTS, NUMBER, ORDER_ID, PRODUCT_ID, IS_ACTIVE, CREATED_BY, CREATED_ON, EDITED_BY, EDITED_ON, VERSION) values (500 + 114, '9964', 'Removal of Radioactive Element from Face, Open Approach', 'Konklux', 4, 28424, 2, 7, 1, 10, false, 'croycroft35', '2017-11-29', 'bbunney35', '2018-04-02', 2);
-- insert into ORDER_ITEM  (ID, CODE, DESCRIPTION, NAME, POINTS, PRICE, REQUIREMENT_POINTS, NUMBER, ORDER_ID, PRODUCT_ID, IS_ACTIVE, CREATED_BY, CREATED_ON, EDITED_BY, EDITED_ON, VERSION) values (500 + 115, '7014', 'Repair Celiac Artery, Percutaneous Endoscopic Approach', 'Voltsillam', 5, 21271, 2, 9, 10, 48, true, 'kacors36', '2018-08-04', 'fskipping36', '2018-03-26', 2);
-- insert into ORDER_ITEM  (ID, CODE, DESCRIPTION, NAME, POINTS, PRICE, REQUIREMENT_POINTS, NUMBER, ORDER_ID, PRODUCT_ID, IS_ACTIVE, CREATED_BY, CREATED_ON, EDITED_BY, EDITED_ON, VERSION) values (500 + 116, '5424', 'Restriction of Left Internal Mammary Artery with Intraluminal Device, Open Approach', 'Greenlam', 4, 36734, 2, 1, 27, 1, true, 'tainsley37', '2018-08-11', 'dpencott37', '2018-06-04', 2);
-- insert into ORDER_ITEM  (ID, CODE, DESCRIPTION, NAME, POINTS, PRICE, REQUIREMENT_POINTS, NUMBER, ORDER_ID, PRODUCT_ID, IS_ACTIVE, CREATED_BY, CREATED_ON, EDITED_BY, EDITED_ON, VERSION) values (500 + 117, '0754', 'Insertion of Monoplanar External Fixation Device into Left Tibia, Percutaneous Endoscopic Approach', 'Toughjoyfax', 3, 19060, 1, 9, 29, 2, false, 'vlabin38', '2017-11-22', 'cjoisce38', '2018-04-12', 3);
-- insert into ORDER_ITEM  (ID, CODE, DESCRIPTION, NAME, POINTS, PRICE, REQUIREMENT_POINTS, NUMBER, ORDER_ID, PRODUCT_ID, IS_ACTIVE, CREATED_BY, CREATED_ON, EDITED_BY, EDITED_ON, VERSION) values (500 + 118, '7775', 'Fusion of Right Metacarpocarpal Joint with Nonautologous Tissue Substitute, Percutaneous Endoscopic Approach', 'Konklux', 5, 49906, 3, 2, 18, 48, false, 'cdannatt39', '2018-06-24', 'tskrzynski39', '2018-01-28', 3);
-- insert into ORDER_ITEM  (ID, CODE, DESCRIPTION, NAME, POINTS, PRICE, REQUIREMENT_POINTS, NUMBER, ORDER_ID, PRODUCT_ID, IS_ACTIVE, CREATED_BY, CREATED_ON, EDITED_BY, EDITED_ON, VERSION) values (500 + 119, '5375', 'Occlusion of Right Ureter with Extraluminal Device, Open Approach', 'Job', 4, 28490, 5, 6, 28, 43, false, 'tlinforth3a', '2017-09-10', 'mraddenbury3a', '2018-06-16', 3);
-- insert into ORDER_ITEM  (ID, CODE, DESCRIPTION, NAME, POINTS, PRICE, REQUIREMENT_POINTS, NUMBER, ORDER_ID, PRODUCT_ID, IS_ACTIVE, CREATED_BY, CREATED_ON, EDITED_BY, EDITED_ON, VERSION) values (500 + 120, '8964', 'Revision of Synthetic Substitute in Lumbosacral Joint, Percutaneous Endoscopic Approach', 'Flexidy', 4, 39549, 5, 5, 3, 36, false, 'jmossbee3b', '2018-04-12', 'lcampsall3b', '2017-09-09', 3);
-- insert into ORDER_ITEM  (ID, CODE, DESCRIPTION, NAME, POINTS, PRICE, REQUIREMENT_POINTS, NUMBER, ORDER_ID, PRODUCT_ID, IS_ACTIVE, CREATED_BY, CREATED_ON, EDITED_BY, EDITED_ON, VERSION) values (500 + 121, '8309', 'Repair Left Ankle Region, Open Approach', 'Alpha', 4, 38644, 1, 10, 11, 48, false, 'vrow3c', '2018-06-01', 'jpatriskson3c', '2018-04-29', 2);
-- insert into ORDER_ITEM  (ID, CODE, DESCRIPTION, NAME, POINTS, PRICE, REQUIREMENT_POINTS, NUMBER, ORDER_ID, PRODUCT_ID, IS_ACTIVE, CREATED_BY, CREATED_ON, EDITED_BY, EDITED_ON, VERSION) values (500 + 122, '4441', 'Release Right Femoral Shaft, Open Approach', 'Tres-Zap', 5, 7656, 5, 4, 13, 9, false, 'gbaptiste3d', '2017-09-13', 'sscoffins3d', '2018-02-07', 1);
-- insert into ORDER_ITEM  (ID, CODE, DESCRIPTION, NAME, POINTS, PRICE, REQUIREMENT_POINTS, NUMBER, ORDER_ID, PRODUCT_ID, IS_ACTIVE, CREATED_BY, CREATED_ON, EDITED_BY, EDITED_ON, VERSION) values (500 + 123, '5569', 'Release Right Toe Phalangeal Joint, Percutaneous Endoscopic Approach', 'Alpha', 1, 26220, 4, 7, 20, 21, true, 'bzelland3e', '2018-08-23', 'formesher3e', '2018-05-22', 3);
-- insert into ORDER_ITEM  (ID, CODE, DESCRIPTION, NAME, POINTS, PRICE, REQUIREMENT_POINTS, NUMBER, ORDER_ID, PRODUCT_ID, IS_ACTIVE, CREATED_BY, CREATED_ON, EDITED_BY, EDITED_ON, VERSION) values (500 + 124, '9303', 'Drainage of Lumbar Vertebra with Drainage Device, Percutaneous Endoscopic Approach', 'Tin', 4, 9827, 2, 1, 3, 40, false, 'opetersen3f', '2018-01-07', 'ldeeman3f', '2018-08-26', 1);
-- insert into ORDER_ITEM  (ID, CODE, DESCRIPTION, NAME, POINTS, PRICE, REQUIREMENT_POINTS, NUMBER, ORDER_ID, PRODUCT_ID, IS_ACTIVE, CREATED_BY, CREATED_ON, EDITED_BY, EDITED_ON, VERSION) values (500 + 125, '8309', 'Fluoroscopy of Urethra using Low Osmolar Contrast', 'Aerified', 4, 16577, 3, 6, 9, 30, false, 'maskew3g', '2017-09-16', 'iaugust3g', '2018-02-20', 3);
-- insert into ORDER_ITEM  (ID, CODE, DESCRIPTION, NAME, POINTS, PRICE, REQUIREMENT_POINTS, NUMBER, ORDER_ID, PRODUCT_ID, IS_ACTIVE, CREATED_BY, CREATED_ON, EDITED_BY, EDITED_ON, VERSION) values (500 + 126, '9322', 'Excision of Lumbar Sympathetic Nerve, Percutaneous Approach, Diagnostic', 'Konklab', 5, 46759, 4, 9, 12, 45, false, 'dcoultass3h', '2017-10-29', 'ttripe3h', '2018-01-19', 2);
-- insert into ORDER_ITEM  (ID, CODE, DESCRIPTION, NAME, POINTS, PRICE, REQUIREMENT_POINTS, NUMBER, ORDER_ID, PRODUCT_ID, IS_ACTIVE, CREATED_BY, CREATED_ON, EDITED_BY, EDITED_ON, VERSION) values (500 + 127, '3957', 'Ultrasonography of Superior Vena Cava', 'Mat Lam Tam', 4, 38092, 4, 9, 20, 50, true, 'bdyer3i', '2017-12-07', 'dkenlin3i', '2018-01-21', 3);
-- insert into ORDER_ITEM  (ID, CODE, DESCRIPTION, NAME, POINTS, PRICE, REQUIREMENT_POINTS, NUMBER, ORDER_ID, PRODUCT_ID, IS_ACTIVE, CREATED_BY, CREATED_ON, EDITED_BY, EDITED_ON, VERSION) values (500 + 128, '8519', 'Bypass Left Common Iliac Artery to Left External Iliac Artery with Autologous Arterial Tissue, Open Approach', 'Bytecard', 4, 16597, 2, 4, 21, 17, false, 'omanser3j', '2018-06-14', 'sandreone3j', '2017-12-02', 3);
-- insert into ORDER_ITEM  (ID, CODE, DESCRIPTION, NAME, POINTS, PRICE, REQUIREMENT_POINTS, NUMBER, ORDER_ID, PRODUCT_ID, IS_ACTIVE, CREATED_BY, CREATED_ON, EDITED_BY, EDITED_ON, VERSION) values (500 + 129, '9121', 'Supplement Right Subclavian Vein with Synthetic Substitute, Percutaneous Approach', 'Y-Solowarm', 4, 22619, 3, 3, 13, 37, true, 'mdrinkel3k', '2017-11-18', 'jdadson3k', '2018-01-25', 3);
-- insert into ORDER_ITEM  (ID, CODE, DESCRIPTION, NAME, POINTS, PRICE, REQUIREMENT_POINTS, NUMBER, ORDER_ID, PRODUCT_ID, IS_ACTIVE, CREATED_BY, CREATED_ON, EDITED_BY, EDITED_ON, VERSION) values (500 + 130, '3755', 'Removal of Autologous Tissue Substitute from Left Metatarsal-Phalangeal Joint, Percutaneous Approach', 'Lotlux', 4, 26358, 2, 10, 26, 25, true, 'rartindale3l', '2018-01-21', 'fgaylord3l', '2018-02-24', 2);
-- insert into ORDER_ITEM  (ID, CODE, DESCRIPTION, NAME, POINTS, PRICE, REQUIREMENT_POINTS, NUMBER, ORDER_ID, PRODUCT_ID, IS_ACTIVE, CREATED_BY, CREATED_ON, EDITED_BY, EDITED_ON, VERSION) values (500 + 131, '7594', 'Revision of Internal Fixation Device in Right Thumb Phalanx, Percutaneous Approach', 'Cardify', 3, 32013, 2, 7, 29, 38, true, 'lwilson3m', '2017-11-04', 'cbromby3m', '2017-11-06', 3);
-- insert into ORDER_ITEM  (ID, CODE, DESCRIPTION, NAME, POINTS, PRICE, REQUIREMENT_POINTS, NUMBER, ORDER_ID, PRODUCT_ID, IS_ACTIVE, CREATED_BY, CREATED_ON, EDITED_BY, EDITED_ON, VERSION) values (500 + 132, '5136', 'Supplement Right Shoulder Joint with Nonautologous Tissue Substitute, Percutaneous Approach', 'Mat Lam Tam', 4, 14115, 2, 1, 2, 47, false, 'etwentyman3n', '2017-11-12', 'clunny3n', '2018-06-27', 2);
-- insert into ORDER_ITEM  (ID, CODE, DESCRIPTION, NAME, POINTS, PRICE, REQUIREMENT_POINTS, NUMBER, ORDER_ID, PRODUCT_ID, IS_ACTIVE, CREATED_BY, CREATED_ON, EDITED_BY, EDITED_ON, VERSION) values (500 + 133, '697', 'Computerized Tomography (CT Scan) of Bilateral Pulmonary Veins using Intravascular Optical Coherence', 'Biodex', 4, 38260, 4, 4, 20, 17, true, 'hgecks3o', '2018-03-07', 'moverpool3o', '2017-12-21', 1);
-- insert into ORDER_ITEM  (ID, CODE, DESCRIPTION, NAME, POINTS, PRICE, REQUIREMENT_POINTS, NUMBER, ORDER_ID, PRODUCT_ID, IS_ACTIVE, CREATED_BY, CREATED_ON, EDITED_BY, EDITED_ON, VERSION) values (500 + 134, '3350', 'Computerized Tomography (CT Scan) of Bilateral Upper Extremities', 'Voltsillam', 3, 32063, 5, 1, 11, 43, true, 'pdevers3p', '2017-09-21', 'wrowell3p', '2018-02-02', 3);
-- insert into ORDER_ITEM  (ID, CODE, DESCRIPTION, NAME, POINTS, PRICE, REQUIREMENT_POINTS, NUMBER, ORDER_ID, PRODUCT_ID, IS_ACTIVE, CREATED_BY, CREATED_ON, EDITED_BY, EDITED_ON, VERSION) values (500 + 135, '8133', 'Dilation of Left Pulmonary Vein with Drug-eluting Intraluminal Device, Percutaneous Endoscopic Approach', 'Gembucket', 4, 10283, 2, 10, 13, 27, false, 'awollers3q', '2017-10-25', 'olorraine3q', '2017-10-27', 1);
-- insert into ORDER_ITEM  (ID, CODE, DESCRIPTION, NAME, POINTS, PRICE, REQUIREMENT_POINTS, NUMBER, ORDER_ID, PRODUCT_ID, IS_ACTIVE, CREATED_BY, CREATED_ON, EDITED_BY, EDITED_ON, VERSION) values (500 + 136, '5892', 'Excision of Right Upper Extremity Lymphatic, Open Approach', 'Duobam', 2, 30171, 3, 5, 20, 39, false, 'ciley3r', '2017-09-20', 'aashburne3r', '2017-11-30', 3);
-- insert into ORDER_ITEM  (ID, CODE, DESCRIPTION, NAME, POINTS, PRICE, REQUIREMENT_POINTS, NUMBER, ORDER_ID, PRODUCT_ID, IS_ACTIVE, CREATED_BY, CREATED_ON, EDITED_BY, EDITED_ON, VERSION) values (500 + 137, '9752', 'Revision of External Fixation Device in Right Knee Joint, Percutaneous Endoscopic Approach', 'Cookley', 3, 22039, 5, 3, 1, 11, false, 'jbinning3s', '2017-12-16', 'ressery3s', '2018-06-24', 2);
-- insert into ORDER_ITEM  (ID, CODE, DESCRIPTION, NAME, POINTS, PRICE, REQUIREMENT_POINTS, NUMBER, ORDER_ID, PRODUCT_ID, IS_ACTIVE, CREATED_BY, CREATED_ON, EDITED_BY, EDITED_ON, VERSION) values (500 + 138, '6495', 'Replacement of Perineum Tendon with Nonautologous Tissue Substitute, Percutaneous Endoscopic Approach', 'Duobam', 3, 44051, 5, 8, 19, 36, true, 'cmckevin3t', '2018-02-04', 'ssives3t', '2018-07-19', 3);
-- insert into ORDER_ITEM  (ID, CODE, DESCRIPTION, NAME, POINTS, PRICE, REQUIREMENT_POINTS, NUMBER, ORDER_ID, PRODUCT_ID, IS_ACTIVE, CREATED_BY, CREATED_ON, EDITED_BY, EDITED_ON, VERSION) values (500 + 139, '1809', 'Low Dose Rate (LDR) Brachytherapy of Colon using Cesium 137 (Cs-137)', 'Bitwolf', 4, 9477, 5, 10, 24, 7, true, 'flohering3u', '2018-06-07', 'ncawthra3u', '2018-03-04', 3);
-- insert into ORDER_ITEM  (ID, CODE, DESCRIPTION, NAME, POINTS, PRICE, REQUIREMENT_POINTS, NUMBER, ORDER_ID, PRODUCT_ID, IS_ACTIVE, CREATED_BY, CREATED_ON, EDITED_BY, EDITED_ON, VERSION) values (500 + 140, '5587', 'Revision of Infusion Device in Left Hip Joint, Percutaneous Approach', 'Bitchip', 5, 42370, 1, 2, 17, 14, true, 'cbeevor3v', '2018-05-07', 'dbradock3v', '2017-10-11', 2);
-- insert into ORDER_ITEM  (ID, CODE, DESCRIPTION, NAME, POINTS, PRICE, REQUIREMENT_POINTS, NUMBER, ORDER_ID, PRODUCT_ID, IS_ACTIVE, CREATED_BY, CREATED_ON, EDITED_BY, EDITED_ON, VERSION) values (500 + 141, '8256', 'Revision of Bone Growth Stimulator in Lower Bone, Percutaneous Approach', 'Andalax', 5, 14069, 3, 6, 12, 7, false, 'cllorens3w', '2018-07-22', 'noverington3w', '2018-01-13', 1);
-- insert into ORDER_ITEM  (ID, CODE, DESCRIPTION, NAME, POINTS, PRICE, REQUIREMENT_POINTS, NUMBER, ORDER_ID, PRODUCT_ID, IS_ACTIVE, CREATED_BY, CREATED_ON, EDITED_BY, EDITED_ON, VERSION) values (500 + 142, '9422', 'Transfer Right Foot Muscle, Open Approach', 'Kanlam', 5, 13317, 3, 3, 16, 42, false, 'lbaribal3x', '2018-08-09', 'dsalthouse3x', '2017-11-03', 3);
-- insert into ORDER_ITEM  (ID, CODE, DESCRIPTION, NAME, POINTS, PRICE, REQUIREMENT_POINTS, NUMBER, ORDER_ID, PRODUCT_ID, IS_ACTIVE, CREATED_BY, CREATED_ON, EDITED_BY, EDITED_ON, VERSION) values (500 + 143, '1400', 'Fluoroscopy of Right Knee using Low Osmolar Contrast', 'Gembucket', 4, 41810, 3, 3, 2, 48, false, 'elonding3y', '2018-04-03', 'drolingson3y', '2017-10-22', 1);
-- insert into ORDER_ITEM  (ID, CODE, DESCRIPTION, NAME, POINTS, PRICE, REQUIREMENT_POINTS, NUMBER, ORDER_ID, PRODUCT_ID, IS_ACTIVE, CREATED_BY, CREATED_ON, EDITED_BY, EDITED_ON, VERSION) values (500 + 144, '7561', 'Excision of Right Ureter, Via Natural or Artificial Opening, Diagnostic', 'Flowdesk', 5, 17664, 4, 9, 14, 50, true, 'tclem3z', '2018-08-11', 'rbenaine3z', '2018-08-24', 2);
-- insert into ORDER_ITEM  (ID, CODE, DESCRIPTION, NAME, POINTS, PRICE, REQUIREMENT_POINTS, NUMBER, ORDER_ID, PRODUCT_ID, IS_ACTIVE, CREATED_BY, CREATED_ON, EDITED_BY, EDITED_ON, VERSION) values (500 + 145, '7162', 'Removal of Internal Fixation Device from Thoracic Vertebral Joint, Percutaneous Endoscopic Approach', 'Lotlux', 4, 6242, 3, 9, 22, 6, false, 'dwren40', '2018-05-26', 'fbraikenridge40', '2018-01-09', 2);
-- insert into ORDER_ITEM  (ID, CODE, DESCRIPTION, NAME, POINTS, PRICE, REQUIREMENT_POINTS, NUMBER, ORDER_ID, PRODUCT_ID, IS_ACTIVE, CREATED_BY, CREATED_ON, EDITED_BY, EDITED_ON, VERSION) values (500 + 146, '5123', 'Ultrasonography of Left Renal Artery', 'Tempsoft', 2, 44227, 2, 10, 11, 42, false, 'dabethell41', '2018-04-21', 'bfarrimond41', '2017-11-08', 1);
-- insert into ORDER_ITEM  (ID, CODE, DESCRIPTION, NAME, POINTS, PRICE, REQUIREMENT_POINTS, NUMBER, ORDER_ID, PRODUCT_ID, IS_ACTIVE, CREATED_BY, CREATED_ON, EDITED_BY, EDITED_ON, VERSION) values (500 + 147, '7863', 'Change Drainage Device in Bone Marrow, External Approach', 'Stronghold', 2, 12553, 3, 9, 22, 10, false, 'chouchin42', '2018-07-28', 'lgodsafe42', '2017-12-27', 3);
-- insert into ORDER_ITEM  (ID, CODE, DESCRIPTION, NAME, POINTS, PRICE, REQUIREMENT_POINTS, NUMBER, ORDER_ID, PRODUCT_ID, IS_ACTIVE, CREATED_BY, CREATED_ON, EDITED_BY, EDITED_ON, VERSION) values (500 + 148, '7162', 'Laser Interstitial Thermal Therapy of Left Breast', 'Tempsoft', 3, 36044, 5, 1, 19, 5, true, 'abickerstaff43', '2018-07-30', 'pruspine43', '2017-11-28', 3);
-- insert into ORDER_ITEM  (ID, CODE, DESCRIPTION, NAME, POINTS, PRICE, REQUIREMENT_POINTS, NUMBER, ORDER_ID, PRODUCT_ID, IS_ACTIVE, CREATED_BY, CREATED_ON, EDITED_BY, EDITED_ON, VERSION) values (500 + 149, '8908', 'Dilation of Right Femoral Artery, Bifurcation, with Two Drug-eluting Intraluminal Devices, Open Approach', 'Wrapsafe', 1, 39032, 1, 3, 1, 44, true, 'emaliffe44', '2017-11-09', 'nedwardes44', '2018-01-30', 1);
-- insert into ORDER_ITEM  (ID, CODE, DESCRIPTION, NAME, POINTS, PRICE, REQUIREMENT_POINTS, NUMBER, ORDER_ID, PRODUCT_ID, IS_ACTIVE, CREATED_BY, CREATED_ON, EDITED_BY, EDITED_ON, VERSION) values (500 + 150, '3562', 'Restriction of Descending Colon with Extraluminal Device, Open Approach', 'Domainer', 5, 37017, 1, 2, 5, 46, false, 'rkeasy45', '2018-05-28', 'rdubber45', '2018-01-15', 3);
--
--
-- -- USER TRANSACTIONS SAMPLE DATA
--
-- insert into USER_TRANSACTION (ID, ORDER_ID, USER_ID, DATE, PRICE, STATUS, IS_ACTIVE, CREATED_BY, CREATED_ON, EDITED_BY, EDITED_ON, VERSION) values (1, 11, 32, '2018-02-03', 49455, 'PAID', false, 'jpixton0', '2018-05-21', 'rbaldung0', '2018-05-05', 22);
-- insert into USER_TRANSACTION (ID, ORDER_ID, USER_ID, DATE, PRICE, STATUS, IS_ACTIVE, CREATED_BY, CREATED_ON, EDITED_BY, EDITED_ON, VERSION) values (2, 15, 25, '2018-01-02', 16389, 'WAIT', true, 'cdufty1', '2018-01-02', 'skissack1', '2018-04-30', 53);
-- insert into USER_TRANSACTION (ID, ORDER_ID, USER_ID, DATE, PRICE, STATUS, IS_ACTIVE, CREATED_BY, CREATED_ON, EDITED_BY, EDITED_ON, VERSION) values (3, 7, 52, '2018-07-03', 38730, 'PAID', false, 'meskrigg2', '2018-03-02', 'ljakeman2', '2018-05-08', 88);
-- insert into USER_TRANSACTION (ID, ORDER_ID, USER_ID, DATE, PRICE, STATUS, IS_ACTIVE, CREATED_BY, CREATED_ON, EDITED_BY, EDITED_ON, VERSION) values (4, 11, 7, '2018-08-09', 12079, 'PAID', true, 'dbampkin3', '2018-01-20', 'bgreenman3', '2018-02-22', 49);
-- insert into USER_TRANSACTION (ID, ORDER_ID, USER_ID, DATE, PRICE, STATUS, IS_ACTIVE, CREATED_BY, CREATED_ON, EDITED_BY, EDITED_ON, VERSION) values (5, 19, 23, '2018-07-09', 40368, 'WAIT', true, 'kdanielczyk4', '2018-01-24', 'aboyse4', '2017-09-19', 34);
-- insert into USER_TRANSACTION (ID, ORDER_ID, USER_ID, DATE, PRICE, STATUS, IS_ACTIVE, CREATED_BY, CREATED_ON, EDITED_BY, EDITED_ON, VERSION) values (6, 1, 24, '2018-04-01', 17380, 'RETURNED', false, 'fclardge5', '2018-08-26', 'gkite5', '2017-10-17', 6);
-- insert into USER_TRANSACTION (ID, ORDER_ID, USER_ID, DATE, PRICE, STATUS, IS_ACTIVE, CREATED_BY, CREATED_ON, EDITED_BY, EDITED_ON, VERSION) values (7, 29, 85, '2017-12-11', 24870, 'WAIT', false, 'mfassman6', '2018-03-28', 'abufton6', '2017-12-09', 31);
-- insert into USER_TRANSACTION (ID, ORDER_ID, USER_ID, DATE, PRICE, STATUS, IS_ACTIVE, CREATED_BY, CREATED_ON, EDITED_BY, EDITED_ON, VERSION) values (8, 13, 64, '2018-05-30', 36912, 'RETURNED', true, 'jfaulder7', '2017-11-11', 'bborder7', '2018-04-26', 69);
-- insert into USER_TRANSACTION (ID, ORDER_ID, USER_ID, DATE, PRICE, STATUS, IS_ACTIVE, CREATED_BY, CREATED_ON, EDITED_BY, EDITED_ON, VERSION) values (9, 16, 81, '2017-12-18', 48775, 'PAID', true, 'vhayley8', '2018-01-01', 'gkerins8', '2017-11-19', 17);
-- insert into USER_TRANSACTION (ID, ORDER_ID, USER_ID, DATE, PRICE, STATUS, IS_ACTIVE, CREATED_BY, CREATED_ON, EDITED_BY, EDITED_ON, VERSION) values (10, 10, 43, '2018-01-14', 11809, 'REJECTED', true, 'vlefebre9', '2017-11-08', 'spetr9', '2018-07-15', 45);
-- insert into USER_TRANSACTION (ID, ORDER_ID, USER_ID, DATE, PRICE, STATUS, IS_ACTIVE, CREATED_BY, CREATED_ON, EDITED_BY, EDITED_ON, VERSION) values (11, 6, 23, '2017-09-07', 25744, 'REJECTED', true, 'cgyea', '2017-10-15', 'hkorna', '2018-08-25', 46);
-- insert into USER_TRANSACTION (ID, ORDER_ID, USER_ID, DATE, PRICE, STATUS, IS_ACTIVE, CREATED_BY, CREATED_ON, EDITED_BY, EDITED_ON, VERSION) values (12, 13, 51, '2017-11-12', 10760, 'PAID', false, 'battwellb', '2017-10-15', 'lmoyneb', '2018-03-15', 51);
-- insert into USER_TRANSACTION (ID, ORDER_ID, USER_ID, DATE, PRICE, STATUS, IS_ACTIVE, CREATED_BY, CREATED_ON, EDITED_BY, EDITED_ON, VERSION) values (13, 27, 3, '2018-03-15', 22305, 'PAID', false, 'adavidovitzc', '2017-09-29', 'tdebenedittic', '2018-02-19', 91);
-- insert into USER_TRANSACTION (ID, ORDER_ID, USER_ID, DATE, PRICE, STATUS, IS_ACTIVE, CREATED_BY, CREATED_ON, EDITED_BY, EDITED_ON, VERSION) values (14, 19, 38, '2018-01-14', 30619, 'PAID', false, 'daveyardd', '2018-04-04', 'dkadwalliderd', '2017-10-17', 41);
-- insert into USER_TRANSACTION (ID, ORDER_ID, USER_ID, DATE, PRICE, STATUS, IS_ACTIVE, CREATED_BY, CREATED_ON, EDITED_BY, EDITED_ON, VERSION) values (15, 5, 83, '2018-01-03', 14311, 'WAIT', false, 'jvallerye', '2017-12-07', 'mcleatherowe', '2018-01-24', 66);
-- insert into USER_TRANSACTION (ID, ORDER_ID, USER_ID, DATE, PRICE, STATUS, IS_ACTIVE, CREATED_BY, CREATED_ON, EDITED_BY, EDITED_ON, VERSION) values (16, 29, 43, '2018-05-27', 39254, 'REJECTED', true, 'aogavenf', '2018-08-28', 'bbennellickf', '2017-10-10', 46);
-- insert into USER_TRANSACTION (ID, ORDER_ID, USER_ID, DATE, PRICE, STATUS, IS_ACTIVE, CREATED_BY, CREATED_ON, EDITED_BY, EDITED_ON, VERSION) values (17, 11, 49, '2018-08-05', 14165, 'PAID', true, 'mbrancag', '2017-09-09', 'galdersleyg', '2018-08-21', 87);
-- insert into USER_TRANSACTION (ID, ORDER_ID, USER_ID, DATE, PRICE, STATUS, IS_ACTIVE, CREATED_BY, CREATED_ON, EDITED_BY, EDITED_ON, VERSION) values (18, 16, 68, '2018-02-05', 6707, 'RETURNED', false, 'mcollatonh', '2018-04-22', 'spiotrowskih', '2018-08-23', 30);
-- insert into USER_TRANSACTION (ID, ORDER_ID, USER_ID, DATE, PRICE, STATUS, IS_ACTIVE, CREATED_BY, CREATED_ON, EDITED_BY, EDITED_ON, VERSION) values (19, 30, 55, '2018-07-14', 18851, 'WAIT', true, 'hpovalli', '2018-02-15', 'gtrimblei', '2018-03-25', 16);
-- insert into USER_TRANSACTION (ID, ORDER_ID, USER_ID, DATE, PRICE, STATUS, IS_ACTIVE, CREATED_BY, CREATED_ON, EDITED_BY, EDITED_ON, VERSION) values (20, 18, 61, '2018-06-16', 20006, 'REJECTED', false, 'fchadwyckj', '2018-03-31', 'bklaasj', '2018-01-03', 38);
-- insert into USER_TRANSACTION (ID, ORDER_ID, USER_ID, DATE, PRICE, STATUS, IS_ACTIVE, CREATED_BY, CREATED_ON, EDITED_BY, EDITED_ON, VERSION) values (21, 23, 26, '2018-03-06', 26010, 'REJECTED', false, 'xbutchardk', '2018-04-19', 'erablek', '2018-05-05', 88);
-- insert into USER_TRANSACTION (ID, ORDER_ID, USER_ID, DATE, PRICE, STATUS, IS_ACTIVE, CREATED_BY, CREATED_ON, EDITED_BY, EDITED_ON, VERSION) values (22, 10, 2, '2017-11-18', 44768, 'RETURNED', true, 'kgeorgesonl', '2018-02-12', 'alemeryl', '2017-12-04', 83);
-- insert into USER_TRANSACTION (ID, ORDER_ID, USER_ID, DATE, PRICE, STATUS, IS_ACTIVE, CREATED_BY, CREATED_ON, EDITED_BY, EDITED_ON, VERSION) values (23, 30, 84, '2018-05-12', 17855, 'PAID', false, 'cgeindrem', '2018-08-08', 'hlovelandm', '2018-08-22', 14);
-- insert into USER_TRANSACTION (ID, ORDER_ID, USER_ID, DATE, PRICE, STATUS, IS_ACTIVE, CREATED_BY, CREATED_ON, EDITED_BY, EDITED_ON, VERSION) values (24, 16, 71, '2018-05-13', 10368, 'RETURNED', true, 'pkenderdinen', '2018-05-11', 'gbulwardn', '2017-12-20', 96);
-- insert into USER_TRANSACTION (ID, ORDER_ID, USER_ID, DATE, PRICE, STATUS, IS_ACTIVE, CREATED_BY, CREATED_ON, EDITED_BY, EDITED_ON, VERSION) values (25, 11, 86, '2017-10-22', 18478, 'PAID', false, 'pjanovskyo', '2018-07-11', 'kblagbrougho', '2018-04-27', 40);
-- insert into USER_TRANSACTION (ID, ORDER_ID, USER_ID, DATE, PRICE, STATUS, IS_ACTIVE, CREATED_BY, CREATED_ON, EDITED_BY, EDITED_ON, VERSION) values (26, 26, 98, '2018-03-24', 26426, 'REJECTED', true, 'wjikyllsp', '2017-12-28', 'shubp', '2017-11-23', 39);
-- insert into USER_TRANSACTION (ID, ORDER_ID, USER_ID, DATE, PRICE, STATUS, IS_ACTIVE, CREATED_BY, CREATED_ON, EDITED_BY, EDITED_ON, VERSION) values (27, 26, 70, '2017-12-09', 39817, 'REJECTED', false, 'elapleyq', '2018-08-28', 'tmcsarryq', '2017-12-13', 55);
-- insert into USER_TRANSACTION (ID, ORDER_ID, USER_ID, DATE, PRICE, STATUS, IS_ACTIVE, CREATED_BY, CREATED_ON, EDITED_BY, EDITED_ON, VERSION) values (28, 10, 86, '2018-06-29', 21408, 'WAIT', true, 'miorizzir', '2018-03-23', 'nbigmorer', '2018-04-03', 100);
-- insert into USER_TRANSACTION (ID, ORDER_ID, USER_ID, DATE, PRICE, STATUS, IS_ACTIVE, CREATED_BY, CREATED_ON, EDITED_BY, EDITED_ON, VERSION) values (29, 25, 45, '2017-11-08', 30571, 'REJECTED', true, 'kmcclymonts', '2017-12-16', 'ahedylstones', '2018-04-22', 57);
-- insert into USER_TRANSACTION (ID, ORDER_ID, USER_ID, DATE, PRICE, STATUS, IS_ACTIVE, CREATED_BY, CREATED_ON, EDITED_BY, EDITED_ON, VERSION) values (30, 26, 86, '2018-02-16', 32336, 'RETURNED', true, 'smacveight', '2018-08-15', 'dsindent', '2017-11-25', 94);
--

-- CONTENT DATA SAMPLE
INSERT INTO CONTENT(ID, TITLE, CONTENT, IS_ACTIVE, CREATED_BY, CREATED_ON, EDITED_BY, EDITED_ON, VERSION) VALUES
	(10001, 'title', 'content', 1, 'john.doe@gmail.com','2018-01-01', 'john.doe@gmail.com','2018-01-01', 0),
	(10002, 'test', 'test content', 1, 'john.doe@gmail.com','2018-01-01', 'john.doe@gmail.com','2018-01-01', 0);
